Metric,Dataset,harmonypy,harmonypy_scale_ilisi,harmonypy_scale_pcr,harmonypy_sel67_ilisi,harmonypy_sel67_pcr,pca,pca_scale_ilisi,pca_scale_pcr,pca_sel67_ilisi,pca_sel67_pcr,sca,sca_scale_ilisi,sca_scale_pcr,sca_sel67_ilisi,sca_sel67_pcr,scanorama,scanorama_scale_ilisi,scanorama_scale_pcr,scanorama_sel67_ilisi,scanorama_sel67_pcr,harmonypy_sel50_ilisi,harmonypy_sel50_pcr,pca_sel50_ilisi,pca_sel50_pcr,sca_sel50_ilisi,sca_sel50_pcr,scanorama_sel50_ilisi,scanorama_sel50_pcr,concord,concord_scale_ilisi,concord_scale_pcr,concord_sel50_ilisi,concord_sel50_pcr,concord_sel67_ilisi,concord_sel67_pcr
ari,dkd,0.7656921036582633,0.7529369419494453,0.75545813993474,0.0505766183018124,0.0193149793460805,0.6392992921645152,0.7584250957467615,0.7562913492115422,0.0477148773912994,0.1545799081865225,0.6432243282762519,0.8180871641237311,0.7602775734207848,0.6072518759872035,0.7112516460985934,0.7635773180062192,0.7611172448858491,0.7626690163305692,0.8066118496123912,0.8150836526809269,0.0261086133164028,0.0144453648940943,0.0306076284560046,0.0210035092412564,0.4849738208267267,0.639151888519551,0.7921291447551796,0.7463259912244404,0.7467004788311483,0.6842842152210475,0.6837569347488294,0.7555084560346947,0.681430694664202,0.6816498680227625,0.7450289910908291
ari,gtex_v9,0.6306854832187515,0.3034836390491109,0.45910182044977,0.034655063775078,0.0323018140107308,0.7019856768919861,0.4329718726160134,0.6473847429631187,0.0565282950826492,0.0762638048722053,0.7040105279712116,0.6589206624409806,0.7228610373206655,0.3232333454815406,0.477808871972814,0.7351119205156946,0.7443437776699389,0.7529574249943318,0.325582434412324,0.3588332590393187,0.0408052145553682,0.0145434648761407,0.0662633613907004,0.0534769283461558,0.2778309594651402,0.4539618302308273,0.2713256306392512,0.2998347174857466,0.6909820286856436,0.6695048036592811,0.7071343943706347,0.6517170299155269,0.6444832633693651,0.680429247080252,0.652040205791506
ari,hypomap,0.2836300029106465,0.2998494891583255,0.2865945231105888,0.2681050045582994,0.3177378353486257,0.2780819388056056,0.3134400188811165,0.312435458235371,0.0795759284918275,0.3710683834737604,0.2730653845600728,0.2918891427275169,0.3038087665959806,0.5465534297606068,0.376710904945335,0.2614698987714879,0.3296956285614241,0.3031587533266073,0.6942995731406942,0.4467165254109267,0.1063048169338088,0.1157319429720233,0.0559323764173276,0.3719043117488775,0.5529889464110201,0.4133754539567511,0.8039538129348589,0.4741211320365458,0.1899835701725671,0.1923442744267567,0.1954925687101174,0.208294929266953,0.1964239323152633,0.2032315351060225,0.2023036313791047
ari,immune_cell_atlas,0.555802471588382,0.4228633969203214,0.5240526277241395,0.0757531699265475,0.0377825462581735,0.392561514606066,0.3229332896625991,0.3799433118008737,0.039258206396814,0.0388994702425963,0.3904751931489952,0.3810305720692273,0.4041045557953439,0.2905114359848508,0.3023346801031069,0.5401727234775254,0.5662565156614671,0.5724439686796666,0.4075005382455628,0.3015123142859916,0.0655938075508069,0.0335923929300511,0.031067045027044,0.0348391971734492,0.1813450663312223,0.3057913118312605,0.2647059966108498,0.0977177391547284,0.7224960698718664,0.6872343368483864,0.7184500048857421,0.6806102046532168,0.7275644296425641,0.7074177593946784,0.6987136090904998
ari,mouse_pancreas_atlas,0.7989404971493165,0.7046125377443945,0.7829999393573714,0.1295415210133204,0.1058483927895392,0.3628184919178444,0.311046314264206,0.3922675607820304,0.0802320891758666,0.0806951362125556,0.3320319953011451,0.356592500608987,0.3329057519848835,0.4134254097056361,0.4243773178204342,0.3264931168172029,0.3237922275448526,0.3334550130584539,0.2920157937986272,0.2918990044312027,0.1004169426015553,0.0676739613793753,0.0722388642042455,0.0642512304381772,0.3301382829038397,0.5445939232643536,0.2527912574977914,0.2544279942188814,0.7840037569855952,0.8329099125238196,0.8458548494800443,0.8337502991487965,0.853505399259661,0.8371272319648926,0.835862383809733
ari,tabula_sapiens,0.4285150475883125,0.4060246496986058,0.4005363579178788,0.1263802608800552,0.1351207820028428,0.4094333310300456,0.3737579187545554,0.3747998946611233,0.0947835058793966,0.100791630131685,0.3894799443218508,0.3704998111122095,0.4051657445957682,0.319149753946631,0.374017110102532,0.4264278780925404,0.431725159828077,0.4386183799723525,0.4351667398837493,0.4190054108316508,0.1200781502492558,0.1060984081446585,0.0760020370900722,0.0679150653521141,0.3365440932717111,0.3646812536064755,0.3645092469033217,0.4509157122231265,0.4613729139911954,0.4758572250437363,0.4451648800085939,0.464484952375736,0.4603826984906669,0.4621693215758944,0.4699280581150426
ari,celegans_embryo,0.7349242755951354,0.7495481277683018,0.6930656830446085,0.3976437113621245,0.3409754923315775,0.7076175578458556,0.7149072236470267,0.7142378263011345,0.4845393246646406,0.2463164044663969,0.7149606883164109,0.7243457522567206,0.7408755494049931,0.6389666267387127,0.7008166238503634,0.453600169165202,0.5878591120393934,0.7474017239595848,0.4720441805433181,0.6817029377708638,0.4326126211045108,0.2789004291143094,0.2943253702280342,0.2617144235969556,0.6605430632296349,0.5881738268613356,0.4222516110960902,0.691713066249107,0.4092317041987006,0.3887674164290382,0.4163391498717559,0.4096642414612649,0.3872411644194454,0.4018698979292706,0.3513457162035883
ari,ocular_atlas,0.5865778211338787,0.5716184617982676,0.5907218218167147,0.0678608779185934,0.0275711372716514,0.6671939493296183,0.6544379345942426,0.6221592785998475,0.0400997581453429,0.1490835492940658,0.6496430737220058,0.6438183913326793,0.6325484675475582,0.5931372141973204,0.6335439252881943,0.623949802350386,0.6804745172419201,0.6146723658907728,0.588940433227286,0.6204071121165716,0.0585452561431466,0.0117545113551524,0.0122650492848278,0.0139527174141788,0.4474075884897314,0.5798781908631867,0.5265341432950228,0.6294958410130503,0.619945331985697,0.6402256331239706,0.6380115047925125,0.6493204832676018,0.6272154519385962,0.6435932320727952,0.643734189380429
ari,tabula_muris,0.6829994402650146,0.6873993239460767,0.6866126195716956,0.305652450317889,0.2271510371224981,0.7341842953247273,0.7074168655012995,0.739027067412515,0.2762160454103295,0.3602479399801006,0.7275412399913214,0.7464711534391645,0.6926508584727247,0.6479497791195269,0.759958118820335,0.6185669584692547,0.676984608987182,0.6358710567484439,0.5665111911470642,0.6403258900420601,0.1873234862763954,0.1383754369166824,0.2006540290327706,0.3471066612816241,0.6628764056427717,0.683691108776855,0.5807043519221436,0.6419817333083402,0.7205890776927121,0.6969247658891338,0.6622333502515878,0.6547615303899635,0.6876778720513941,0.6885213367182839,0.6864367924185477
ari_batch,dkd,0.8225048133276733,0.8303024345267743,0.8320241805766149,0.9699594400438456,0.9900081053551396,0.6808701504127054,0.8325828875147492,0.8305971997312537,0.9728211380189292,0.932102433562394,0.6881580687025526,0.8329236799359861,0.8360171118944643,0.8403077326668998,0.8568704536490288,0.8350889665507651,0.8306053122347856,0.8305613032635016,0.8366242192042365,0.8316919970888507,0.9789847257359,0.9922874058781422,0.9890548976101105,0.9790488202218808,0.9002906885979792,0.8537481667306827,0.838598596268868,0.8404732135032491,0.8446182148666069,0.8543230473471025,0.8623376389995311,0.856409249491817,0.8651427083815917,0.8459363099501609,0.853668211604851
ari_batch,gtex_v9,0.6564431216067336,0.7115688698496646,0.6963119286067226,1.0,1.0,0.4500147212563506,0.5398185816272735,0.3907107627399818,0.928858901382863,0.8885781390146414,0.4552827438624733,0.4634920747579703,0.4450612124934452,0.6371509365909221,0.5892990058003426,0.4873275163626265,0.4680356960092343,0.4793258632037442,0.7470723386630761,0.714174709113276,1.0,1.0,0.926430159974403,0.9412406017236666,0.7012700970454399,0.6242129736672246,0.7768916975538648,0.7137331007627983,0.5857439675298509,0.5959240206365741,0.5748918449534868,0.6294243364923285,0.6555804861592951,0.6144266075385433,0.668689800533037
ari_batch,hypomap,0.9153657654062538,0.961574444863158,0.9228190703364348,0.8167283190005958,1.0,0.9264367989654212,0.9077258923183708,0.9007196285352379,0.6394352749384357,1.0,0.894473084982656,0.775782729169351,0.8893172994477698,1.0,1.0,0.8275654385581337,0.7440590157069794,1.0,0.9743614353649496,1.0,0.8338642003669926,1.0,0.6023692946419691,1.0,1.0,1.0,0.9864253133499028,1.0,0.7807514830007435,0.7916513635048799,0.7994644104995615,0.8395005537556877,0.8274790875148903,0.8289949943082106,0.8187053601085416
ari_batch,immune_cell_atlas,0.8586531937093267,0.9453355042283093,0.8807933190143475,1.0,0.943142386822308,0.3403416774029097,0.6756257077313527,0.8060484783215341,0.9080006287126366,0.907963592375548,0.4324526387984665,0.8179558289244855,0.8242960360041401,0.6424567379264702,0.8971936169498127,0.857406639977561,0.8577994623122741,0.85332378747183,0.8866165753816454,0.9122775931334616,1.0,0.9862110620253904,0.9057324846543056,0.9128345276255644,0.9296255788758384,0.9245267743993638,0.9175771217363158,0.9994475003206283,0.8627349319753427,0.8370079934112814,0.8525834210430939,0.8316936609851882,0.8651004960025718,0.8568936842381282,0.8352561785859233
ari_batch,mouse_pancreas_atlas,0.8931072530878086,0.9039887345623928,0.8970626097092281,0.9932353395174468,0.9923023461827076,0.2588310185093297,0.2771372203249296,0.354554519184667,0.9921903340841232,0.9915009159430084,0.2281191709205733,0.2907271680719419,0.2341070946968648,0.6061078392756659,0.5489277593538116,0.131857400488121,0.1298915729035742,0.1644411102068313,0.8364558467370494,0.8369420880817772,0.991827781028014,1.0,0.9940875035562888,0.9949596503868718,0.6172086573073926,0.7191787128550923,0.9365439572234686,0.8867189109610367,0.7784527480928,0.8047691716402611,0.7992627044258634,0.8080225424308898,0.8229179835145867,0.8057645668012625,0.8059250638058271
ari_batch,tabula_sapiens,0.7152649804625805,0.7048022969956788,0.7047993957548653,0.8373319967530092,0.9180961708181794,0.512870061637048,0.4628521238134947,0.5000171250141019,0.6018332665990842,0.609199190060266,0.5155766059233126,0.4502560865182455,0.4776601109789938,0.3980301237769495,0.4607169043731903,0.529577343237359,0.4989904056895811,0.504086225522374,0.5138665498673868,0.5604874451149996,0.8902671577874578,0.9075617568575276,0.7395185295925267,0.7214694820233899,0.4158126090355566,0.5133759453798954,0.5088496013831664,0.5292037928710399,0.7012473593882561,0.6695694608748015,0.6770597768239874,0.7067651895466759,0.7092857949916557,0.6616153044180132,0.7063927040663661
ari_batch,celegans_embryo,0.8980461907279611,0.907693238934428,0.9289715097557898,0.9164485894560191,0.9869205128082634,0.867956534939208,0.906211712236721,0.9113142788477484,0.9576261282527886,0.91744508915718,0.894283574710511,0.9022578807103826,0.8962386720708662,0.920610471847111,0.9073367459371556,0.8814136443111448,0.8745148110837443,0.8828152333511119,0.9082342271781224,0.9091431289526856,0.9599819253350024,0.997473493244634,0.9878595933243398,0.9893162039301856,0.938319802751638,0.8591790421168228,0.9154370761168088,0.902055763419802,0.8886019439687352,0.8965162323154159,0.8785270020806863,0.8755610505121022,0.8896147766677923,0.8722745303845592,0.9008128757804188
ari_batch,ocular_atlas,0.6119709793257252,0.6001311027748376,0.6102817767980095,0.9578137728270903,1.0,0.5905387382255308,0.5872496187345199,0.573614429775047,1.0,0.9045993520681632,0.5973224128070691,0.5767519895894268,0.5603343940480496,0.5686457847170152,0.6060786382862877,0.5665374591193134,0.6068343835967508,0.5682300453286662,0.5426549945748013,0.5601459945854022,0.9969594831461956,1.0,1.0,1.0,0.582884885857661,0.5920566980174691,0.5597103652702757,0.5888763174110739,0.6722039885612139,0.6751839376289169,0.6659903071424977,0.6641506412126488,0.6837161029627211,0.6704664792157952,0.6790119235970631
ari_batch,tabula_muris,0.5870051212041231,0.5881335758949094,0.57967539066738,0.789481949558736,0.8536615759198363,0.4415605745107879,0.5497184962965352,0.4296517242820146,0.7788285902688037,0.7382285871290181,0.4532875765868552,0.4435617544151281,0.5225570875982313,0.5499984896774701,0.4720460922009437,0.4546285219253923,0.4969411159707743,0.4517341224818059,0.4425201954469852,0.460926724076286,0.8830033754187052,0.8849065616274587,0.8540163380259966,0.7733050913931682,0.5524960059302434,0.5377671568316701,0.5529236165111071,0.4950561751040931,0.5775361510648781,0.5569726344785382,0.6023317253761215,0.5703457646583244,0.5607761009705219,0.5628391245267801,0.5638711098676971
asw_batch,dkd,0.8581698174639733,0.8961783243436972,0.8875499780135392,0.8999948626791152,0.8814051686634837,0.8880411152553002,0.9534528445817532,0.914352128862142,0.9642792558279816,0.95252828194342,0.8418222152996321,0.92343173190003,0.8739006934602547,0.9484117709079776,0.9253790367663448,0.8681462719564347,0.8997665628153527,0.8843067563004497,0.8917778827862357,0.893740801078217,0.8947561929843859,0.8777992852029557,0.9600893092114146,0.9511173455047806,0.942484549447926,0.9238761935780296,0.8887893172144335,0.8864827637979247,0.5213462476004999,0.5080091208485173,0.5270569564288944,0.4660425320037408,0.5185754802493724,0.5038681576560394,0.5280865248286571
asw_batch,gtex_v9,0.7897189313194318,0.8563252678998101,0.8237535409064848,0.8982193276170468,0.8981571531609417,0.7513587330325653,0.8081810373402658,0.7862432244431441,0.8954408294064836,0.8980449509139976,0.711521563179813,0.7739960960409921,0.7495829393437422,0.8630733610087594,0.8349802624903421,0.803741079156147,0.8600317301177013,0.8407858300064487,0.8884365163421246,0.8861666287508257,0.896122072039764,0.8960611328377545,0.8976912564915208,0.9009642680913672,0.8655990397158114,0.8243505194521655,0.8867665270266889,0.885421708371009,0.5878094438760159,0.5912428782438446,0.5865837959109244,0.5874996009739043,0.5603478924675418,0.5907320550643049,0.5813554471063852
asw_batch,hypomap,0.998268858857378,1.0,1.0,1.0,1.0,1.0,1.0,1.0,1.0,1.0,1.0,1.0,1.0,1.0,1.0,0.7994894301520609,0.8594071277832587,0.818910864665045,0.8637036388017572,0.8044594663411337,1.0,1.0,1.0,1.0,1.0,1.0,0.8553823047440476,0.7789213055267065,0.5280547795972075,0.4926747895877886,0.4837831681696978,0.3295880002915489,0.3097390207945725,0.4160101266789111,0.3877861531727746
asw_batch,immune_cell_atlas,0.8653593315956069,0.8892875394038972,0.8780946519175687,0.8994561708903656,0.9033119969918828,0.8126183342175252,0.8930175817255014,0.8802097003560713,0.9199657561146646,0.9145404380672484,0.7779736481569278,0.8662631101817508,0.8482053111121943,0.9042615955223546,0.9055383149951236,0.8291768231634106,0.8516004735673951,0.8522408925266105,0.8551380206450664,0.8512366150737956,0.9062696633882436,0.9053589824217833,0.9158330175035158,0.9138019244437334,0.9091554640985426,0.9035314346185668,0.8506927356838965,0.8489114326161523,0.5925961753248915,0.5857772044900219,0.5876909385103096,0.5532577434130201,0.5571417423524734,0.5737032775698733,0.5675377603445352
asw_batch,mouse_pancreas_atlas,0.8844468960850559,0.905219775032715,0.913661548651825,0.8537758984120184,0.8340505700571518,1.0,1.0,1.0,1.0,1.0,1.0,1.0,1.0,1.0,1.0,1.0,1.0,1.0,1.0,1.0,0.8093801419544538,0.7985814290860587,0.9766068455539436,0.9520760717171816,1.0,1.0,1.0,1.0,0.6478704397861921,0.6443527111600291,0.6268878153434724,0.5519346527568179,0.5087851356745757,0.5918535620052771,0.580355056518903
asw_batch,tabula_sapiens,0.7839955880677981,0.803035326480361,0.7980096488747581,0.8397934978630456,0.832591996189764,0.7318061698137921,0.7943620733458868,0.772092373746417,0.833419788462948,0.8331790988617778,0.703909256490046,0.7455772549999811,0.7367669493995752,0.7796285902792247,0.7624990121007639,0.7853336215744966,0.8144693847411952,0.7991153758189169,0.8261919290417218,0.812125209182694,0.8439247846842349,0.8413665148936748,0.8415092878896412,0.8416925507250566,0.7950444266967791,0.7868307598055303,0.834091386439169,0.8184011010648303,0.6506392584878136,0.6496627839527053,0.6492777501143349,0.6377764568771611,0.633699685787518,0.64296497839508,0.6449455402149364
asw_batch,celegans_embryo,0.7895202163662867,0.8077073094943861,0.8006078267415976,0.8214818421332226,0.8207045107440618,0.7504783534277517,0.7879328351753884,0.7801377220740765,0.8233656452294772,0.8180057352116489,0.7198723487127708,0.7610647948883337,0.7485012157504233,0.8050536405631897,0.7597783869747119,0.7334934653254543,0.730725282457004,0.7584468684897406,0.8495265612617583,0.8122607598479328,0.8271770200812859,0.8219398811527929,0.8342697313207852,0.8317188938568049,0.8069834985021526,0.7890225339398653,0.854835970090916,0.8041399554420001,0.5824959897822795,0.5672608101094865,0.5714005282132337,0.5291562189103459,0.5360517523397006,0.5470479714588342,0.5565346095187249
asw_batch,ocular_atlas,0.924073904149022,0.9303324671916816,0.9274962602049782,0.9381188034490004,0.9323145623750588,0.9044715292769296,0.9208679730631162,0.9165226000432338,0.9509497910846544,0.9459653734855517,0.8670000503462363,0.8792421827484534,0.8739618730749139,0.8967871026703329,0.889064417543655,0.9042030542699672,0.8811776572776521,0.9057632500443706,0.9225401430982128,0.9064412531983584,0.9370889087343528,0.9340221414529344,0.96121313524828,0.9609757820292752,0.9154868142096652,0.8997361001967422,0.9337622095610818,0.9095036773746322,0.7008411555264832,0.6997854407816031,0.693751468695339,0.6918132757907466,0.6609559932211512,0.6941079630609192,0.6834501214781197
asw_batch,tabula_muris,0.8981272311977565,0.9093901381991664,0.9032147227821796,0.9193329342373288,0.9230790160622844,0.8958087934673584,0.9110194374917328,0.9052569264008232,0.9253660166036584,0.9227711294662838,0.8791827205098742,0.8931537556065057,0.8847195723520163,0.9037963397321088,0.8947255030361703,0.8902791003233662,0.8794709999193698,0.8935796252084842,0.9106554805499364,0.8929700870622405,0.922302759317923,0.9255722269764172,0.929386679191488,0.923801411888388,0.903408547856094,0.8974767416276458,0.9117842281070144,0.8915717914681562,0.7576244307076163,0.7543147711311893,0.7555521837330829,0.7489826112535027,0.7350234001244411,0.7497653532921034,0.7446437295669864
asw_label,dkd,0.2051506912772024,0.0767845901818666,0.115572566788591,0.0,0.0,0.1930291641991745,0.0625239112946147,0.1763007239931392,0.0,0.0,0.2152672446952442,0.0520053802885385,0.2063099225898406,0.0,0.0320285750806778,0.2334473340977352,0.166976232692756,0.2078814551707779,0.129857412795629,0.137151700203966,0.0,0.0,0.0,0.0,0.0,0.0159353835796882,0.1248188297216593,0.1339384948996937,0.0476733484321066,0.0547390495577697,0.0431719234907485,0.0432852046132952,0.0314115549832478,0.0434904918295554,0.031602336246217
asw_label,gtex_v9,0.1018717565439159,0.0641519620669352,0.0787565637022508,0.0,0.0,0.1289005972921918,0.0429080841649977,0.0921120352611666,0.0128731296924873,0.012189948457443,0.1388354972932089,0.0806656148245995,0.1028017015553339,0.0543305979547244,0.076036663217486,0.1489254539530323,0.1368359601439737,0.1417796462125451,0.0601226086488692,0.0671745393646266,0.0,0.0,0.0103922812353434,0.0076113421563144,0.0510895835742135,0.0689929495906779,0.0519607291364353,0.0613682166129948,0.1351720635890519,0.133347890953644,0.1299246044143719,0.0858091935302956,0.0658951786262827,0.1038675819544477,0.0958317891681283
asw_label,hypomap,0.23908306258807,0.1985201794386629,0.192040290056572,0.0760837491368478,0.0832620075919576,0.2385028902434816,0.2106525431447578,0.2308691978085481,0.0481887873474759,0.1195600700257979,0.2680201896488872,0.2296017094599221,0.2725734883679059,0.1010584160124636,0.1274976008636172,0.2889208939264107,0.2829405400033719,0.2813646638078824,0.2487381289425577,0.2772539610936319,0.0555588222357044,0.0500684454125375,0.0460705723176361,0.1354946126914456,0.0513157699014798,0.1235389541745667,0.2097369178899553,0.2397393427338577,0.139265422482479,0.1235854552254565,0.1242629859755882,0.0844587030122638,0.0854797858420635,0.0705093088225627,0.1018753952334415
asw_label,immune_cell_atlas,0.1111376020096259,0.0706335663461108,0.0926095812046329,0.0234249513749633,0.0,0.1294879121075214,0.0667225758536061,0.1067146254952675,0.0,0.0,0.1345873820893012,0.0965536664308218,0.1175212289818584,0.0500387812763805,0.0620193156556048,0.1456147495373391,0.1398577074813857,0.1396859706689613,0.0537508506570092,0.0361738897521132,0.0172686056976978,0.0,0.0,0.0,0.0383837078122513,0.0540197200493874,0.0053957680383325,0.0,0.1670244050644473,0.1480168408574606,0.1603795272968569,0.0304438632001338,0.1196957428125063,0.0434947990241623,0.1517914507417903
asw_label,mouse_pancreas_atlas,0.1806051356014038,0.0296229220288637,0.0949530144299014,0.0,0.0,0.2028746022938128,0.0017290657593931,0.1064558772119427,0.0,0.0,0.2119606541657311,0.0742493567386499,0.1719835924996544,0.0372599755645933,0.0891756359124431,0.2128106764757911,0.0514932206471296,0.1071570028375343,0.0,0.0,0.0,0.0,0.0,0.0,0.0211539159238599,0.095072393335902,0.0,0.0,0.0740858327753362,0.0449200798644975,0.0664661652964935,0.0263661804081286,0.0179255975109166,0.0129452331165228,0.0100860476093905
asw_label,tabula_sapiens,0.1562098650520194,0.1191905539890978,0.1332738268771636,0.0164955747148501,0.0170616838334584,0.2000496861864294,0.134766496764279,0.1956700695920248,0.0160666966462313,0.0171224517967431,0.200486048846759,0.1911044360224744,0.1998269228858545,0.1277404267543314,0.177813069484219,0.2005865063976205,0.1999042353370431,0.1974003557437706,0.1874580980965644,0.1854011552881657,0.0127692309327165,0.0058544770615006,0.009266539392229,0.008534082874771,0.1235584434266243,0.1332615393294952,0.1823057263381,0.1826547653187472,0.1371534532211723,0.1311012297395697,0.1098295876865273,0.0515279134970932,0.0422675815849845,0.1010394479595567,0.0862618358402813
asw_label,celegans_embryo,0.1230627022364014,0.1089585383294982,0.1256666753393883,0.0287309488783157,0.0,0.113753596458733,0.108215868526333,0.116902687586796,0.0133528258832479,0.0096243817248307,0.1220547108060333,0.1121765312802982,0.1191835854111692,0.003253231172461,0.0703603325800657,0.1690027436257423,0.1955235140809908,0.1828628429298886,0.0751778695243044,0.1073887741476707,0.0098823603531275,0.0,0.0,0.0,0.0,0.0009565601587381,0.0747400456729369,0.113595864426318,0.1514216342114353,0.0794174895022395,0.1472423596165663,0.0,0.0750732387501476,0.0007574575493628,0.1341241478774569
asw_label,ocular_atlas,0.1840192721578263,0.1398168998583215,0.1692780113539862,0.0,0.0,0.263496455438232,0.2158026545775175,0.2377881584385999,0.0,0.0076402162154002,0.2774760281120855,0.2234504407869202,0.2563591983121677,0.0938603793448014,0.1377723846010555,0.2705766014930928,0.2695996593108458,0.2662910607737773,0.1516550775588294,0.2225015439620059,0.0,0.0,0.0,0.0,0.0704745698815777,0.1144356710529339,0.126047445947257,0.1933513377951872,0.2347643454060721,0.2267785144904604,0.2234511747137678,0.1261769333106732,0.1953921480897487,0.2018900610450056,0.2122362094808843
asw_label,tabula_muris,0.1827592669112722,0.1441875701381406,0.1631609494180886,0.0168071656108531,0.0100133215610461,0.2691918238778837,0.1753998812314424,0.2263569907496105,0.0175122917158883,0.0248869590403936,0.2813705063358305,0.2151155501785738,0.2671119923656376,0.0964960641245974,0.1573878583108598,0.2629892639209031,0.2672404430048026,0.249141297007473,0.1226021155379056,0.2215575245118671,0.0006882833109632,0.0,0.0139927087252203,0.0214543401432448,0.0936390505498147,0.132984770718442,0.1172655514497203,0.1619401785548644,0.1819039170389629,0.1545504289243131,0.1722171941129431,0.0904124401107086,0.0661608689776367,0.1421784273463863,0.104747645206287
cell_cycle_conservation,dkd,1.0,0.7190152239892367,0.5358175275223259,0.0752613167486856,0.0393978306974734,0.9783310728509138,0.5595267213191745,0.971421561894008,0.1267431583066378,0.1492792061495935,0.9581326003680448,0.4745506975488194,0.9584502569472856,0.2399938045371555,0.4207127234293961,0.9625020045213908,0.8891471431186595,0.9715430104864978,0.7049139579717345,0.5212362483262515,0.0585635398006042,0.0371681319850601,0.1008136685854882,0.0987515335803553,0.1970223632491782,0.4687142072922884,0.5967140705436814,0.4914539783011243,0.465384273196504,0.4598937300853987,0.4493461847728571,0.4398983180610957,0.4307632180916046,0.4548124850221266,0.4427185944302632
cell_cycle_conservation,gtex_v9,0.8431270560905102,0.4803415751853142,0.6126242401416758,0.1297686742155753,0.1385863027054085,1.0,0.800906988197886,0.9460040119176708,0.2151932158792831,0.2175516142024163,1.0,0.8535909738961692,0.9202829557010964,0.3483200256675057,0.5772294939447523,1.0,0.7227435536104236,0.888209595458202,0.3371751466692985,0.3310589949154315,0.1238612417323752,0.1199429006360905,0.1930270117747838,0.1801455346277373,0.3050311562604328,0.5730212742078541,0.2800033828767248,0.2870379036744706,0.5819564309248713,0.5868513732364167,0.5684226009813382,0.5802333555709153,0.5214557346522701,0.5912316582210602,0.5118798584056702
cell_cycle_conservation,hypomap,0.9319129352601574,1.0,0.9784214089450888,0.1564092285356979,0.1553835472977612,0.8893051426683335,0.898808490512708,0.9309887437179202,0.2190100866382969,0.2536437229463408,0.8605306138776622,0.9281870083204952,0.9155480437293946,0.3583283267829107,0.4036473432992469,1.0,1.0,1.0,0.875249616474768,1.0,0.083072430657878,0.0821849171482904,0.2126062106968218,0.2206978776262051,0.3470095472214027,0.383393846858104,0.8255453668785624,0.781399585688372,0.5484332796864567,0.5279232261512564,0.4664114532191304,0.5097650096525435,0.4327961722225619,0.4603698553884691,0.427098100464078
cell_cycle_conservation,immune_cell_atlas,0.9343648648691026,0.7189530761812993,0.8163375025613505,0.3712941383918217,0.2507890277174915,0.9867147360187356,0.7770062815017771,0.9424258336272412,0.2553716644913317,0.2397696011716142,0.9986887521716802,0.9041741161536568,0.9602200125032754,0.3240873231641668,0.4008019325495681,0.9528916866670644,0.9850187832343688,0.898071027408393,0.842098573885238,0.5863061080179907,0.3274253961077419,0.1498900521428156,0.1978123494471884,0.2112448529986279,0.2525711320591557,0.39327228136173,0.6642994466420582,0.3822398149470046,0.6497941904944495,0.7105624625504752,0.6704669438828176,0.7658658346805755,0.6909442943912177,0.7355859539927384,0.6707984607320197
cell_cycle_conservation,mouse_pancreas_atlas,0.9043744918302544,0.4675568161044457,0.6241446147592061,0.1703283800022828,0.1527157106256604,0.9584254448500178,0.5675634040865782,0.6983351654173617,0.2247995302856729,0.2217723794182925,0.9746330677196416,0.6383286924891325,0.8795872431137167,0.419142336410695,0.5308432188498543,1.0,0.648022372964251,0.7335367375200967,0.2770646570282961,0.2954862286949408,0.137523221942204,0.1222055241951369,0.1921520181097174,0.1808334299231629,0.353295848381115,0.5107333816035701,0.2242362084304997,0.2363336983097836,0.6838712211027309,0.6797950416627611,0.6857299157183347,0.6907289389270297,0.6685219140124014,0.6871342480996743,0.6709019736518179
cell_cycle_conservation,tabula_sapiens,0.9226002461609172,0.5198207170521856,0.5010361859639906,0.3216067277857448,0.2865535476994753,0.9829953470676528,0.7735063708071215,1.0,0.6095658153965046,0.6198618479461873,0.9913481212325204,0.8080746171685841,0.941688902096831,0.6237456542956297,0.8720723389937481,0.8747295755283673,0.959043129655111,0.9325131961884894,0.9405856623622708,0.8561653513798483,0.2530098852408906,0.2186778120500922,0.4589882137288428,0.481987814389936,0.571423843116352,0.5773357524063492,0.8523255616504237,0.8080158686828933,0.7061976991576623,0.7144163853690458,0.6326753823097888,0.5834245717722677,0.4653697123404036,0.7649030787189917,0.5241531658597927
cell_cycle_conservation,celegans_embryo,0.9217891556859226,0.714387309696269,0.6946246470147096,0.4207564545268247,0.0789380214097466,0.9569128834201268,0.7684161703692644,0.8117219477471602,0.1298349113796752,0.5617939388407578,0.9677837530187348,0.7107147954226332,0.9366421236048336,0.2718998085762836,1.0,0.9575059500126252,0.7901281141499801,0.8386924823224324,0.1795156334294183,0.220908223126075,0.1045102227043885,0.0563918118213111,0.092756662714984,0.0674552763303656,0.2294360625357178,0.3637209669366142,0.1702017214111198,0.2220323303561938,0.3454974429795284,0.3081134216726072,0.3074389948867065,0.250692686386058,0.2397332220002489,0.2795061559338875,0.254232737715607
cell_cycle_conservation,ocular_atlas,0.897203826309737,0.5849135598020159,0.8734386006857162,0.1022490592557454,0.0716116407753775,0.9157521131793273,0.7947044211509705,0.954794936264558,0.183732616226264,0.2564620434429407,0.905450942561049,0.7662599277335563,0.9230713752489724,0.5234885004528688,0.5948546329959876,0.8865437734978062,0.7862655238604838,0.9084640914367365,0.5551446952682471,0.74240883939775,0.0996237868885346,0.05754613783993,0.1392087225366065,0.1449631561203231,0.3956445927120678,0.5367838058299839,0.4905109273845237,0.5847844557041098,0.6040076222419823,0.6071451145061089,0.5625358095692317,0.609734467684529,0.4974447057309241,0.5880647369061246,0.5210461438277517
cell_cycle_conservation,tabula_muris,1.0,0.7704714582321556,0.7782083301137546,0.3904248842063301,0.2958446134449192,1.0,0.797460732464682,0.8962000477190414,0.3666638211864235,0.3928610002934085,1.0,0.7653293594167837,1.0,0.4140338614091328,0.8267424518532589,1.0,1.0,1.0,0.6409031619943991,1.0,0.275797615843028,0.2634104512988298,0.2951927456861704,0.3598836455748492,0.4117646316163467,0.8333091319257734,0.6006895946893421,0.953257560964743,0.7956820286034281,0.794017898859985,0.7936884163524436,0.6939416061595404,0.728436842730643,0.6942073835074278,0.7501052697190319
clisi,dkd,0.9994813028257578,0.9952438101969936,0.99764590573715,0.4515043595596048,0.3424272848179454,0.9987824359003704,0.9950114808060582,0.9966179605600592,0.5439867336744652,0.2602987805078252,0.99884835917334,0.9933600727213998,0.9986708860856892,0.676112992850222,0.878437431754712,1.0,0.9977537527862712,0.9985713491578104,0.9832111686567157,0.99164651368305,0.3687554772537947,0.1986125191855971,0.1874288277186186,0.1791088858892673,0.4376190475134177,0.77111568020187,0.9613377108795166,0.9914636022991546,1.0,1.0,1.0,0.999308738972236,0.9989646972716376,0.9994703148438308,1.0
clisi,gtex_v9,0.9709375272809138,0.7887583282697144,0.8875767365826875,0.5280762263641993,0.5353037419807626,0.9960811460315512,0.8406742838219479,0.9909692837663412,0.5792580359803119,0.5557229584424365,0.9959090826123996,0.9804651347552056,0.9932530196073026,0.6768025242121637,0.8346874922387338,0.99602218160749,0.9937896694411678,0.9953159562083018,0.8117623955631258,0.8328625673544402,0.5363324059475394,0.5030747217421637,0.5002202195677421,0.5042014138776857,0.6265793472794009,0.8221472920256359,0.7685793359419375,0.7868929185024558,0.9972352075516692,0.9969986394594516,0.9973525115450088,0.9933365178203072,0.9915987750490416,0.9956365265866822,0.9950246011528064
clisi,hypomap,1.0,1.0,1.0,0.7727651259354226,0.7958420936410462,1.0,1.0,1.0,0.8344085757678628,0.8423994737883502,1.0,1.0,1.0,0.9704112228616938,0.9757106298328904,1.0,1.0,1.0,1.0,1.0,0.7559172105348827,0.7739618117703861,0.8017568088821818,0.8380480857092248,0.9527579396163044,0.9714322338461592,1.0,1.0,1.0,1.0,1.0,1.0,1.0,1.0,1.0
clisi,immune_cell_atlas,0.9431995477888576,0.8629620434718145,0.917196135643114,0.7486366888340391,0.7171281463652351,0.961344329316634,0.8726781059229167,0.9330528589080864,0.7817365698525074,0.7457112094775841,0.973364869757693,0.9493670769990198,0.9591557749302752,0.7849036793145869,0.8470976644666441,0.9761167266710048,0.9622108491012896,0.9628335826113128,0.8496230453019991,0.8363376534532526,0.6637044983098879,0.6294953661238357,0.7112876137902603,0.7004199042599157,0.7350397111392064,0.8165024219451326,0.8242208658335625,0.7085272620540372,0.9966793441442954,0.9964720937764928,0.9966972758178292,0.9952682815434882,0.995642885510744,0.9960040414860116,0.9963458638926456
clisi,mouse_pancreas_atlas,0.9911015906922916,0.9803893312384756,0.9921304784207026,0.8481258577676353,0.8730649114336652,1.0,0.9847495085505892,1.0,0.8569032586833,0.8504909381258802,1.0,0.9988905617364652,1.0,0.9669746625865132,0.9944056034855916,1.0,0.999049878771621,1.0,0.7648685806279729,0.774370489975146,0.84152019802967,0.8534464754092386,0.8378582556546839,0.8575410803989427,0.9148379391456606,0.9867494578178886,0.6778385007375485,0.7288034162828146,1.0,1.0,1.0,0.999078954003596,0.9990647126980114,1.0,1.0
clisi,tabula_sapiens,0.9539185740085356,0.9446943155486632,0.9465879526754868,0.8205059737582071,0.8222626952742395,0.9919238777770554,0.9857004530666148,0.989753401384572,0.8607918280386787,0.8643140677059367,0.993793005008028,0.9922228986530386,0.9925381100305644,0.9772296832967804,0.9896567668969284,0.9888951430889906,0.983621332624914,0.9874188156628532,0.9730771223883592,0.9795498292675764,0.7541048633136301,0.77021901317873,0.8021878058279661,0.8094639021044093,0.9576853816416224,0.9719714580783466,0.9649235112271992,0.9752452813464024,0.9834812888630248,0.9823674031300508,0.9824121746860351,0.9759058251447476,0.9750291611036244,0.9801140714853948,0.979056953371583
clisi,celegans_embryo,0.9994726898319128,0.9991656799849896,0.999417259718728,0.9668267557142312,0.8827282982507276,1.0,0.9995458848628932,0.9994500305725024,0.925159990797185,0.881854735134552,1.0,1.0,1.0,0.9944561510757852,0.9992993823609104,1.0,1.0,1.0,0.9834115556922116,0.9937526903670998,0.9568718204748338,0.6319830554470914,0.7698895094096238,0.5521533213913078,0.979669554961201,0.9966926464088788,0.9569950313774412,0.9910445024186556,1.0,1.0,1.0,1.0,1.0,1.0,1.0
clisi,ocular_atlas,0.9839798768089776,0.984556688207757,0.98418703987566,0.6916889752940706,0.6979324199570212,0.9984256537316988,0.9978029512746664,0.997973297794602,0.6378412475228633,0.7565092494707747,0.998905470087268,0.9983445173869198,0.9988647033019026,0.9883469376050188,0.9950078341766756,0.9988090884263928,0.9983084089985754,0.9984170097779714,0.9948088916775284,0.9977564199054532,0.6479937746502614,0.610946052043243,0.5584973922326473,0.5781261398027254,0.9266549362081044,0.9855477411633832,0.9744779450363534,0.9958811127838094,0.99929437874977,0.9991987138224576,0.9991931356335216,0.9986947115444464,0.9985678120110189,0.9988405800884288,0.9990768510003638
clisi,tabula_muris,0.9932435861691604,0.9899173289693534,0.9922677245852136,0.6891514141839948,0.6624398390364142,0.9988955541902212,0.9982197004223607,0.9988097574906192,0.7887434958485866,0.8609229178597523,0.99933101048876,0.9989372166283402,0.9990661312922972,0.98661095972596,0.9977325211204294,0.9988653423836032,0.9987481775560318,0.9985753380623168,0.991277616958086,0.9987664496816516,0.6032537142105733,0.5752193383567161,0.6680595729185483,0.7978429191550522,0.9789759866012888,0.9932558822949404,0.9809138568390668,0.9969491051016968,0.9982286143381628,0.9980700591512776,0.99803574117913,0.99714089408727,0.99648457287674,0.997952520980812,0.9975899284172592
graph_connectivity,dkd,0.9578134413510304,0.9522446019143678,0.9518260609855472,0.5631889319799476,0.3358456994092942,0.954280886694124,0.940188422295164,0.9558331350348716,0.4791778104326999,0.7056971654259714,0.9538777650054524,0.9356673592736,0.9533792104143648,0.8139747995204073,0.9262773572223748,0.9543924337546542,0.9410765190411772,0.951366731817679,0.9310475569736472,0.9397641752857988,0.5169466407071052,0.3400339196990388,0.5285440251370735,0.4803077325799251,0.7354434328485299,0.8711508623325602,0.9292021524777128,0.9331413739415926,0.9680784564863076,0.9675693156844568,0.9674447972741108,0.9576073749938814,0.9651609445481876,0.9670959031660136,0.9643377063453494
graph_connectivity,gtex_v9,0.9020438210985406,0.8226048352020064,0.8527598050497822,0.4957765133844168,0.4437540199885444,0.9577161994664096,0.890184271670493,0.9464749092868135,0.5548932223242726,0.5543460203737726,0.95834635047489,0.935732383958212,0.951548214467718,0.8023048284560602,0.8636266190842673,0.9611137278085852,0.9526325477268384,0.9588099111420488,0.7550401810394428,0.8246013943066255,0.5012517829541802,0.4114048296580039,0.5416945398410239,0.520845720228157,0.7632498995595551,0.839959543693552,0.7122778313228355,0.7878236808196538,0.9400809455819544,0.939296090512546,0.9301509391939792,0.9184926801585634,0.9101919922772284,0.9326588921629824,0.922227165987995
graph_connectivity,hypomap,0.8892924614640842,0.8778781014881496,0.8850063703750464,0.6947957410192297,0.6830265704224986,0.891178207038952,0.8951076281342261,0.8956237744387274,0.524515215860227,0.7173055740866756,0.8970746105169491,0.895706121579158,0.8957203686175836,0.858066431975404,0.8723499199454475,0.8916733619507726,0.8892542069087612,0.8890926983560377,0.8755881082984257,0.8873465052820567,0.5052587096437614,0.4130174479232103,0.4629138109768372,0.6874255074276857,0.8197937934952408,0.8687397527918029,0.8702320060825134,0.8769059444662873,0.8620845169442422,0.8688799684858686,0.8619780499569641,0.8663376114499732,0.863986481270072,0.8651565076460181,0.8853626876250711
graph_connectivity,immune_cell_atlas,0.9463427918124806,0.8973179060148504,0.928658110034124,0.6354943268277441,0.4432257837158592,0.96609999168783,0.916265916757172,0.9498046756364332,0.469720234563379,0.4442844954613148,0.9721968216435892,0.9525219383665586,0.9597587531550072,0.8848978578314458,0.90338905553431,0.9743074725839056,0.9661733821408328,0.9680816306258666,0.8976806103515085,0.8476715633643374,0.620302521055851,0.4169516380763717,0.448736594398116,0.4271932485560528,0.8336192372141783,0.8762203622622898,0.855793292707679,0.6864187475652372,0.9795741999505752,0.9791318000896037,0.978952750834584,0.9759921600197886,0.9733984571467156,0.9783758552112892,0.9751628142119844
graph_connectivity,mouse_pancreas_atlas,0.8312325136192165,0.7564376153427019,0.7911520638296589,0.3585591274192232,0.281282213979671,0.913062672075675,0.8778805982907434,0.9092328112152582,0.2487906594823744,0.2691666686739384,0.9376564315774242,0.9035890605268732,0.9271186187126718,0.8448034021724936,0.883819653772785,0.9075262682355876,0.888272547285113,0.8884695295082019,0.7940070718824941,0.8071823407948368,0.3010951871064824,0.1927195687142259,0.2101747036484959,0.1297870021529414,0.8049301801385118,0.8569346515044476,0.7341978044002323,0.7542955353501006,0.9698562454984148,0.9697729163612168,0.9671588448997448,0.9649908848087516,0.9651961695290372,0.966797951028959,0.9677205494881757
graph_connectivity,tabula_sapiens,0.864012545757818,0.8585547559234058,0.8622063412960206,0.665871790785713,0.7082240323921226,0.8931630700263273,0.8838120037543836,0.8918766523754669,0.7207673783837781,0.7281645165252418,0.8949643593862618,0.8943451153513626,0.8986568346517981,0.8777047197730539,0.8847801167613536,0.8787375016229105,0.8860384312136561,0.8823724942971213,0.8793721902689529,0.8774292614994071,0.6037510925168397,0.6274353916523892,0.6471236098850514,0.6430228504113334,0.8609751132290434,0.865783415537463,0.8673961910327793,0.8763976572203239,0.8385494909920616,0.8444592100291696,0.8331814755523682,0.8158355101623689,0.8235328502415739,0.8273249673500963,0.8285568826309774
graph_connectivity,celegans_embryo,0.968644639965281,0.9693822738872634,0.970090531035972,0.9509231234688594,0.9355155415794124,0.9731984049851516,0.97346836797776,0.973118331249029,0.9388170491376951,0.9263058100775776,0.9778716644359204,0.9751463271083988,0.978450213435967,0.963395666451589,0.9746955607274346,0.9784882208016256,0.976455919086556,0.977196897817049,0.9292449413779597,0.9577408824494524,0.9470159794515894,0.8508615398490254,0.903633462396225,0.8122378026567565,0.9560830560286212,0.9689034741703876,0.9108546707073144,0.9547895347611745,0.9763124484447092,0.976730585119936,0.9739444861594851,0.9674108590806686,0.9725906788080804,0.97466707566025,0.9758970055543243
graph_connectivity,ocular_atlas,0.9682211620637844,0.9606398992390184,0.9659122103785563,0.6223083958118669,0.5445110053979654,0.9840148174998042,0.982319679740644,0.9769306638968942,0.6360550819498438,0.7786560124026208,0.984279770838734,0.9820577594134892,0.9838917080041584,0.9686576657068608,0.9762977632640776,0.9833852436256116,0.9751158097723897,0.9832562990742868,0.9679295764661996,0.9795191699355336,0.6114273562164206,0.447047034513987,0.4557951791970884,0.4844063617225948,0.9404927199140328,0.9692509384121206,0.9529257897641014,0.9773580534957876,0.9815111210130636,0.9809258545303764,0.9855172906173884,0.9807849642448768,0.9758332640802102,0.9802932337797916,0.9795421458580694
graph_connectivity,tabula_muris,0.8867932404423454,0.8833920525001319,0.8887501269857755,0.7807741326568114,0.7635977135346288,0.9448570319334954,0.9383161916010024,0.9406130832771482,0.8542404670703871,0.8706580879726468,0.9502660528270775,0.9331785463672438,0.9405977270829458,0.9246735791551072,0.93460005475818,0.9304073986526892,0.9288884391349054,0.9261246919297932,0.9127039759105228,0.925167561234454,0.7345755119632817,0.6990230674990896,0.7834360782182774,0.8542820426427504,0.9203546632461612,0.9300496105681918,0.9045609499082904,0.916193128122496,0.9020599252058712,0.9025972290249936,0.9017933370520422,0.9025322571896564,0.8876789283845403,0.900927375939538,0.8897766058253206
ilisi,dkd,0.6000522917954287,0.596875567597918,0.605690017510678,0.852932974636948,0.7532912318575928,0.188863513379191,0.2895854656523967,0.2320912831493754,0.7308164772134689,0.6335896218263941,0.1514653594555858,0.2854547056678828,0.2136768132858778,0.5378530815475014,0.5061662122772969,0.5775376373614626,0.7069800839583452,0.6058092580894858,0.7941401660487473,0.7351480426710058,0.7791277973604694,0.8284761758301546,0.741924651092212,0.764004934992381,0.6583949670565097,0.5989922318131397,0.8008550650823697,0.7618175540823175,0.6419142242683732,0.635995945968601,0.6376344177853439,0.6417451351889429,0.6426887456014596,0.6406185122824611,0.6391517940418818
ilisi,gtex_v9,0.3409914734025741,0.480370815216158,0.4453317244807689,0.7085635473352274,0.679386122638493,0.1049624675223061,0.3058977696170179,0.1337137411877964,0.6414404887381091,0.6546453407445157,0.0830945978935225,0.1529958759234377,0.1117031011252606,0.5579874316441938,0.4087228115319226,0.2180985563682634,0.2343830997800654,0.2309360983468467,0.5593339391631045,0.520938659266312,0.6758400945820606,0.6612530772181202,0.6765370255997721,0.6622446977110924,0.5917207896447831,0.4513482417678566,0.5961976590120154,0.5657984038139163,0.1923778284165788,0.1941402285821374,0.1922133915614441,0.2239020469250479,0.2357923983330133,0.2087792439900442,0.2177414304992437
ilisi,hypomap,0.084908464012815,0.1755982460367185,0.1202949032469492,0.3847951735302677,0.2295092722610931,1.869107705104631e-15,5.607323115313894e-15,3.7382154102092646e-15,0.3967531620107165,0.2320084644191433,1.869107705104631e-15,3.7382154102092646e-15,3.7382154102092646e-15,0.2676274654285465,0.1530113658643166,0.0295941788562915,0.0998602848184493,0.0776422302618042,0.3244983183128352,0.4799925027315034,0.3235183475171334,0.3848203590873423,0.3746906648954226,0.2669788725230152,0.2945196132723215,0.2439490960540656,0.4908384204651362,0.4047828562724097,1.869107705104631e-15,1.869107705104631e-15,1.869107705104631e-15,3.738215410209263e-15,3.738215410209263e-15,3.738215410209263e-15,3.738215410209263e-15
ilisi,immune_cell_atlas,0.4734666533294916,0.5925626687940182,0.5135214165811673,0.6734437709863131,0.364880019805074,0.0969267030564923,0.3442632712881962,0.2387940465842346,0.2633498742218574,0.2755063198859852,0.071823102800166,0.161842752196324,0.1527052950037455,0.4207695382144116,0.3969399595509283,0.5249926496645023,0.5746308446161676,0.6015673143344182,0.6831686048758067,0.6442582784087397,0.6927347405254294,0.4762654639521142,0.3576636502971774,0.3552843992024441,0.5440703942426195,0.4729504368017098,0.5793726101211006,0.7389475128508193,0.3362410595296345,0.3436032307571964,0.3468420911735946,0.3741308940415006,0.3948075451483249,0.360772257566487,0.3673080058574907
ilisi,mouse_pancreas_atlas,0.474220781595267,0.4954825357597699,0.4743385060284481,0.5835898785101974,0.561766359378278,0.1320860258511632,0.1826854002874067,0.1646682381846345,0.5311047354975059,0.5372776981410469,0.1151201879060103,0.1404191591431371,0.1254357641241555,0.2091895657036238,0.1775966101632435,0.2057233885210863,0.2308137047106748,0.2251977719564035,0.4756162948680356,0.4516035449560775,0.6083523334529927,0.6162844003469954,0.5845406516491727,0.5569096347086847,0.2865832770364269,0.2360946805240174,0.5400390479350387,0.5160604296857867,0.3302923288221205,0.3336116079153989,0.3368780212929542,0.3756682071020017,0.3788550196266636,0.3520513573305342,0.3569001324820834
ilisi,tabula_sapiens,0.2252705794480275,0.2549108461013982,0.240565347191821,0.5854748329463861,0.5519018535502369,0.0255938319933373,0.0467021331685442,0.0414671736923654,0.4022071149421817,0.3697956421046811,0.0180173608237277,0.0208437659015114,0.0235075885486261,0.0509478921443298,0.0360074188505968,0.1414407102848976,0.1731952982966142,0.1555036375092593,0.2185591760310748,0.1944862566309236,0.6514089490336921,0.6316374916525341,0.5002976292407071,0.4980770521674985,0.1064270377681765,0.0856411027856847,0.2435899762920039,0.219882198231906,0.1870595920696211,0.1925000674683323,0.1956825426457688,0.2233978828249785,0.2355249454206961,0.2093823051408582,0.2129155447650967
ilisi,celegans_embryo,0.5125469633541716,0.518396957788025,0.5151120221530952,0.5645168159977273,0.6111702205069158,0.4126499361799142,0.4376600419162242,0.4410381738162189,0.5443093163559148,0.5524749861484768,0.4133681115767338,0.4438520971883818,0.4354566391464602,0.4977550312872407,0.4652374741419797,0.5326291423888266,0.5175064428533311,0.5319421187978773,0.5765961129446139,0.5768534211545976,0.5989804667323134,0.6867623883904851,0.6283955405790661,0.6603490627632227,0.5347811039182513,0.5040616017015127,0.5979320786180523,0.5825985090172835,0.5547993703067011,0.5584577993485301,0.55591917130974,0.5674231669440859,0.5700628033834226,0.5625359801202136,0.5646923255072291
ilisi,ocular_atlas,0.3925476249381073,0.4036311759760034,0.396460066663223,0.7899796592553152,0.8086034319437575,0.1744330801476491,0.1827840951829979,0.187532855590079,0.7395220968371216,0.646979924445007,0.1490127319178348,0.1479148119746354,0.1491423828481091,0.1903645914649628,0.1764250262650354,0.2726225001565532,0.3146125658644375,0.2763741098044416,0.3111423094362177,0.2963427464525517,0.8276330755885777,0.875160587099626,0.7857226511958774,0.8059387429476904,0.3094075390870114,0.2164114535845553,0.3785674268125727,0.325389326840059,0.3172303573772386,0.3176532373937652,0.3178193585956895,0.3332093193503691,0.3355141143815336,0.3246011542787838,0.3230159309686973
ilisi,tabula_muris,0.3238444759706206,0.3391748131642622,0.3249736594764243,0.5991819998698141,0.5952127248547805,0.2311273963434061,0.2487442182679496,0.2396333915983776,0.5375944246080319,0.4847417055675758,0.2209357536569434,0.2273521019853169,0.2258454684219224,0.2867682416363467,0.251900214593539,0.2848498187550833,0.3199575353601926,0.2901380804825628,0.3276311712444396,0.2966612890689742,0.6305526790267296,0.6137135918723989,0.5698876454159587,0.5168884116383664,0.3151239757795909,0.2836518039231149,0.3639410033111847,0.3127623574460726,0.3805231521697152,0.3837309396881152,0.3842345661850566,0.3970050264395843,0.4040607873078512,0.3848681979778219,0.3969501456963477
isolated_label_asw,gtex_v9,0.2466697195695681,0.2239954334288722,0.2363451103531106,0.1552160276189831,0.1401493041589758,0.2496553933490526,0.2190225234810741,0.236482129632677,0.1697421516219899,0.1700521233057361,0.2714658742488657,0.2468836695336388,0.2579966049994112,0.2154128867820707,0.240574777210074,0.232587840006897,0.2046965312661481,0.2190541342655431,0.1311414742310194,0.1476950064393653,0.1558750904075258,0.125354869550573,0.1670805944016596,0.1606050041357623,0.2101034737838494,0.2449159639082876,0.1219409856814791,0.1398218087964042,0.3879269652976132,0.2961329779864691,0.4010611762890751,0.2501131126767092,0.4207919202671243,0.2647188016038861,0.4070460850551805
isolated_label_asw,hypomap,0.0735398137794396,0.1516986725397697,0.13764988130317,0.2647932011037578,0.2351731768456101,0.0834727776731138,0.123762865717251,0.095231754486436,0.2577682435287978,0.1743182609278531,0.0637370801048512,0.1202661975589698,0.0539396485526435,0.223249651332137,0.0922116389865987,0.0,0.0,0.0,0.058204174216822,0.0262887818452135,0.2674113651688803,0.2665140723084104,0.2610715137118815,0.1413434648500905,0.3008845169186754,0.0591687228648492,0.0779013663660797,0.0314739255423687,0.1865448837924709,0.1802079753260117,0.1884611088999286,0.1341976799574248,0.1993999609748656,0.1606379036080686,0.2051692190831298
isolated_label_asw,immune_cell_atlas,0.1796734050376349,0.1782722790903242,0.1784096835819973,0.147297451627867,0.1266828773854263,0.1866921375959091,0.1764999744171485,0.178042920280076,0.1514560529844464,0.1409822597028262,0.1972452073000541,0.1944118471444797,0.1922011366370971,0.1968017759039103,0.179592868814074,0.1282675770167986,0.1275608337108451,0.1270778034468571,0.1085355110890988,0.1301820583587951,0.1381823393519019,0.1130166353218973,0.1312787021506774,0.1249365311328875,0.1831590191841918,0.1708512105440371,0.1121566137729159,0.0978777032860345,0.4948607666271614,0.4880295881164963,0.462835331050835,0.3355540871279784,0.3318085090496648,0.4838852548524865,0.4663868237176127
isolated_label_asw,mouse_pancreas_atlas,0.4599659799423642,0.3501849217565329,0.3164549468863599,0.0803731095599557,0.062645258635384,0.5587120567356418,0.3494547912301403,0.3838758939388431,0.0916412148016679,0.0911183083323406,0.5796492929505469,0.4599116372703219,0.512834883234264,0.2631407959778569,0.3441413322876382,0.6087077172709048,0.5084236108532955,0.5032721897698058,0.2752403783642328,0.2865690522073941,0.0656123618931687,0.0345367322983259,0.0962569135236191,0.0721459810808583,0.1679945948545902,0.2804509054335294,0.2632157346865429,0.2616663123911997,0.8022272458693738,0.7919562531383156,0.7967575969798785,0.7677688100084549,0.772552738130215,0.7822604432895071,0.7862265501161718
isolated_label_asw,tabula_sapiens,0.2507524058447018,0.2403070937295651,0.2449166489956638,0.1344968808342082,0.13988026689126,0.2795830409685955,0.2414645434784483,0.2656030051978409,0.1416604697055132,0.1447785938348341,0.2990320335169012,0.2919459406989917,0.2874935889704622,0.2559347712029473,0.268807977238396,0.2765519679543892,0.2718422079769085,0.2732355892627166,0.2611284209949912,0.2600182601542913,0.1296788344442133,0.1199891509661705,0.1263577935674425,0.1244810114538442,0.2429211793235286,0.2472895532738198,0.2535566426164424,0.2585124139032443,0.2918981411837239,0.2908192179903727,0.2814920404556667,0.2386663320182989,0.2213694067542641,0.2869138897843152,0.2568587916047156
isolated_label_asw,celegans_embryo,0.1152740397431828,0.1139900252139813,0.1138456870325211,0.1042020303675991,0.0480164840252821,0.1537857424468677,0.1509905727659983,0.150702351851023,0.0801187801239562,0.1090929876358249,0.1993038407674961,0.1949230601618194,0.1966373175402002,0.1328399891611892,0.1382080861379587,0.2440032406033168,0.2549314846736192,0.2347451708838878,0.1304688862363997,0.1837160417464849,0.0839848585723244,0.0168994595964506,0.0601988372066702,0.0097236721639368,0.1026668667413393,0.1090369422383033,0.1213375125421043,0.1833207596965722,0.4337027908215652,0.4156691370608107,0.4300867126659244,0.3153310396567804,0.3863162824684983,0.3189791035271898,0.4074253745682409
isolated_label_asw,ocular_atlas,0.1713719692782949,0.1565326283658454,0.1661600448434353,0.0567506813381684,0.0497404912980202,0.2875508118767931,0.2603665440828721,0.2741185055441776,0.0749228687989916,0.1012477396280298,0.327688940377319,0.3036283530357714,0.3169808834524949,0.2070651937814236,0.2732818602932453,0.3041760016826628,0.3330435110244912,0.3006470808055287,0.1600335749311456,0.2756852302948262,0.0526343380586489,0.0281210618707859,0.0559874270161573,0.061673862767536,0.1683481193063116,0.245667700842338,0.1282783096129262,0.2375167104610041,0.4199445101391174,0.4077134353923354,0.408135456766681,0.2826506761426928,0.3795657056527355,0.3769429144789286,0.3890662636747148
isolated_label_asw,tabula_muris,0.0,0.0,0.0,0.0,0.0,0.2819506290153636,0.1922437241780397,0.2196119582144616,0.1163096899270063,0.1033658631293734,0.3167413115618567,0.2386464683108897,0.2861262706434755,0.2029631644493376,0.2157716572049589,0.2476856202189213,0.2336061856797572,0.146063047800897,0.0971973717373863,0.1352306724317021,0.0,0.0,0.0846323527039822,0.0675252210458226,0.1597228490341281,0.2115734914933716,0.0985423307103573,0.1037390141924732,0.1297637986389974,0.1519914951678141,0.1675803682053976,0.1849475897247775,0.1658758611095563,0.1580400675077631,0.1546795528932924
isolated_label_f1,gtex_v9,0.0652203249680115,0.0673039405538963,0.0742614261586019,0.0508291131483646,0.0615330750716985,0.0504942414631184,0.0136494617176368,0.0326508041991949,0.0349513460553913,0.0427175086913859,0.0781903024888755,0.0658387160346687,0.0722832773205791,0.0679143415140227,0.0862863448252531,0.087491805267242,0.0846168669647663,0.0850246562210575,0.0110304715478862,0.132373530406089,0.0464733938934548,0.0436486821815099,0.0576873027967297,0.0633330962533046,0.0674005324398532,0.0776467144434628,0.0094932090041828,0.3533421564264998,0.1120465811604675,0.1113609707952592,0.1126330749427627,0.109018315977863,0.1394539234745615,0.1101740786344162,0.1439699562442713
isolated_label_f1,hypomap,0.003379890275748,0.0029628808424528,0.0030392842508695,0.001647376869139,0.0014042731669678,0.0030110507133987,0.0030162477956169,0.0030424471370954,0.0028858933353314,0.0016413940972528,0.0034113373320942,0.0033999620621621,0.0034113373320942,0.0017993326090098,0.0033836391181388,0.0034050101465831,0.0029771015834429,0.0030214590620114,0.0033501395336444,0.0029801628710793,0.0008394376360382,0.0005112520222242,0.0015221764233234,0.0004960510311195,0.0005491826758,0.0033873946869214,0.003008975839116,0.002959847451695,0.0037792617212227,0.003685335675057,0.003748011825565,0.0036229643006704,0.0036710064799952,0.0030783918135706,0.0036724352806015
isolated_label_f1,immune_cell_atlas,0.4262557486710864,0.0179633279579525,0.0185808501196749,0.0134176994787601,0.0055724449304992,0.0052389449608936,0.0046461803012939,0.004657861385426,0.0070204613264066,0.0175350205075864,0.455306090510525,0.4480895679605587,0.4386223292442563,0.4298241958805414,0.4400751700070817,0.0043641084382413,0.0041460485545949,0.0042943149849935,0.0034481151470771,0.003836189856972,0.00335245297699,0.0157034292511853,0.0026000519891623,0.0020436800152166,0.0155301094833839,0.4453859156389039,0.0032069624417263,0.3366035243975848,0.0241814975450713,0.5097159706530667,0.0245932384542607,0.0045696154027841,0.4273355200810346,0.0223630885859145,0.0238833153297512
isolated_label_f1,mouse_pancreas_atlas,0.0674613678148022,0.0645526369592475,0.0668590665622234,0.0584521172001955,0.0597928249005931,0.8860827479729101,0.7328464780864354,0.8864731284790694,0.7521051719656935,0.5851185896731366,0.8832160383459505,0.7616206860970142,0.8731376448151591,0.7661374068778689,0.7090008620999317,0.8732629175607746,0.8427637772820852,0.8442650644215755,0.7542585544058298,0.7906848306332842,0.4466799001088557,0.0601465980035075,0.6715505185207828,0.7229209268814698,0.8158903222324175,0.8599990342596393,0.7413398928336414,0.6846521827935027,0.8708618900388394,0.9038142235933804,0.8864890286011311,0.8346006927876319,0.1477241731038787,0.1951121602959268,0.8786936603706996
isolated_label_f1,tabula_sapiens,0.0456312073336506,0.0541920957793415,0.0451674431747101,0.0683303818605534,0.0505991157962174,0.0610359633750016,0.0963572467751586,0.0599899707468745,0.0409037365811604,0.041551246272686,0.0581794978535927,0.1274682022241624,0.0800127124897426,0.0569085631433418,0.075086654960179,0.1200283297694322,0.1171366590154935,0.1205996363092514,0.0738544796284877,0.1163378899034653,0.0609792454216448,0.0588003516195699,0.0565080727063842,0.0508239266823571,0.0352641222030119,0.0362946316500596,0.1148406931296192,0.1156702199296175,0.0843894489157892,0.083927936756933,0.0826302190188901,0.0784155732918143,0.0885802424306568,0.0819292660911358,0.0815756795407548
isolated_label_f1,celegans_embryo,0.2444706733013545,0.1135534537104225,0.1277122257711833,0.4942557626230653,0.494260993593153,0.1317454929753045,0.1290166575385641,0.4777441602001825,0.505498829233668,0.5617162187224576,0.1721821507501203,0.171560936445792,0.1780444099839886,0.4610242318260755,0.3989123826704622,0.4204527702190664,0.2888886132968513,0.4293680560599296,0.4991753163563193,0.3211233287014402,0.3295879656345195,0.4335962524609815,0.4745927106959517,0.4730599386889536,0.4695162839681259,0.4572585276685511,0.5004388237094292,0.3524141964917611,0.4499001378725889,0.4222421429191781,0.4497101433836584,0.5432243325378409,0.3096389420824753,0.4910636952786273,0.4091170635770608
isolated_label_f1,ocular_atlas,0.5239466691592688,0.5062049829447375,0.5849702764716801,0.3820861020642061,0.4391108393617976,0.6183126455195547,0.6733743693347856,0.5944519620053086,0.5239358538322406,0.5767362781590494,0.597162281310336,0.5722531145746591,0.6125420940889246,0.5802072383660558,0.5954864373904839,0.6127606586266736,0.6349096598542127,0.6111425428446758,0.5727412730154634,0.5882599174582408,0.3464881411815182,0.273291992052218,0.420365712276293,0.460537792649807,0.4846035595793412,0.5891989459418328,0.5271509788918536,0.5828574915960545,0.6598606605014964,0.7154941616905708,0.7303749141665828,0.7124668409052421,0.6524888927715888,0.7233606858321546,0.7116427911112545
isolated_label_f1,tabula_muris,0.0214230044550677,0.0214343645000579,0.0214003167760573,0.0017713058654639,0.0019178267241244,0.0370638796377782,0.0370327796616663,0.0400896019327106,0.0064873379180435,0.0074030708419487,0.0210684972981511,0.0370950286674802,0.0371262268669213,0.0314954145611079,0.0398901209696596,0.0219394389541985,0.0234829671117686,0.0327400008537158,0.0336482262050268,0.0327119744864823,0.0020931348898639,0.0087951586504904,0.0067324679444862,0.0057751645510986,0.0361220288227587,0.0348090061994832,0.028986454588372,0.0375682304076056,0.0235501419617844,0.0235366791472838,0.0235366791472838,0.0237264373771391,0.0223693781824566,0.0235771095092531,0.0236176659534323
kbet,dkd,0.3328068561521511,0.3193656750754142,0.3123173418312359,0.4464206200702003,0.4034043882663565,0.1823685219829334,0.2117512303619698,0.1992855838592519,0.2654286798378246,0.2457471634332633,0.159719261682456,0.177063287514071,0.1645550989054802,0.2149802446050232,0.2030097423116226,0.2163079088151507,0.2439989912253583,0.2252005643041928,0.2779654423860173,0.2888995892838335,0.5229760780679351,0.5271089506999703,0.2380005116863622,0.2554075139771652,0.2586553231081455,0.2472271260966997,0.3161095702361805,0.3150457200546491,0.3190005797193778,0.3237386443511273,0.3152241860334194,0.3388833459460282,0.3399103308778491,0.3317105820867438,0.3307731785000689
kbet,gtex_v9,0.2750640794111201,0.2742143455353585,0.2682727467342302,0.1988868074890256,0.1878309431654485,0.2720210829235837,0.2735025752223716,0.2851446309807923,0.1982444134654823,0.2026362872706297,0.2642232821276979,0.2713939153410346,0.2492837415567756,0.2529147209523673,0.2566077837411044,0.333599461682273,0.3436357266848194,0.3416676334637055,0.34870843953262,0.3591804408949205,0.2263945859795519,0.150214061516482,0.2105050139214214,0.2078237900056572,0.2424785278823995,0.2500766759826637,0.3066975532467829,0.3566110927190277,0.2817613390216169,0.2875256646489239,0.2894147313111438,0.2905898463735217,0.3017925536688391,0.2834294924422675,0.2941433769899173
kbet,hypomap,0.9031746652700944,0.963482152187822,0.8996107245938526,0.6620259026229858,0.3986966963476639,0.9741215572235468,0.9844246310426534,0.9728480152165204,0.2113575286888287,0.6581311806039539,0.9692291652793424,0.947365397817358,0.955209430286376,0.941424604906237,0.9704951428994982,0.6710472082839576,0.7211477101344299,0.6514142872355403,0.7494648603441119,0.624466630997244,0.3055466983183408,0.2431081449799394,0.1757949248049311,0.6244300821927806,0.8592047160345295,0.9337268456388024,0.8211673217793729,0.7403545843336808,0.9588253449457692,0.9639010833166616,0.9713565720806828,0.9603509318974828,0.971780649313616,0.9667802451637354,0.956449319862926
kbet,immune_cell_atlas,0.2525031951813368,0.3011782043936994,0.2776848256672091,0.2553448003600049,0.2111855069341522,0.1698229128529006,0.1929670706548718,0.1850880404124512,0.1985507863118027,0.1921289383324967,0.1618115546918573,0.1819368944430977,0.1726049298517175,0.2201551063695781,0.2397130356589558,0.1913404922341512,0.1958741926020281,0.1898976338690743,0.2439144103031558,0.2476755756239243,0.2758138118352294,0.2388032788728446,0.2112429332182366,0.2310217329671101,0.2722073291044771,0.2657579973521192,0.2717150113676231,0.2825354112873514,0.2285017222151824,0.2286592207837567,0.2313223536309208,0.2489783656295015,0.2584299626564817,0.2363635292934708,0.240502561598367
kbet,mouse_pancreas_atlas,0.70751397097271,0.7749660153072339,0.7254602296040609,0.0,0.0,0.6267322605720153,0.7135118505185705,0.7209734966806693,0.0,0.0,0.5010681702153669,0.6912510111147736,0.504048460856517,0.6955395467255134,0.741681147861638,0.5434093508011609,0.7038341118919282,0.6307278725333759,0.7007377814934521,0.6622114756165989,0.0,0.0,0.0,0.0,0.7063657730311073,0.681952619320583,0.5837354636022751,0.6172529892121166,0.9092977055816688,0.9033256322651454,0.9118063943030232,0.8165302529158582,0.91483488200593,0.910245907171488,0.90433645821332
kbet,tabula_sapiens,0.3482437729849603,0.3449536541228184,0.3361409024312711,0.2551091076697078,0.2691843510823496,0.3488923197427109,0.3422954650912583,0.3379039802602025,0.3167237273372131,0.320302213324712,0.3440378752155308,0.334331476076011,0.3428856906451467,0.3452898964209334,0.339254799428348,0.3935231298339307,0.4084447463169498,0.4019428230376771,0.4031781515455173,0.4022896659142844,0.2352056477622377,0.2656035662380639,0.2829436601479742,0.2890067674939192,0.3442556866873383,0.3424015739134814,0.4211206859063884,0.4051250949155183,0.4033143776814227,0.4143456602445365,0.4112704680206757,0.4097199440003976,0.4074926275486443,0.4059646712635341,0.4076398661381442
kbet,celegans_embryo,0.3441203514387247,0.3313281876240865,0.3359322781963394,0.3557213501724992,0.3390398289075099,0.2743064323189063,0.2898600148061421,0.2829315473595017,0.2960682774823522,0.291668805837497,0.2860895894054021,0.2999042336913684,0.2900516832270664,0.3063902668254817,0.3093088715451713,0.3398234260902337,0.3596228410711073,0.3412238621961739,0.3613671597780138,0.3569395391429863,0.348326590341658,0.3563553281774045,0.3079220130573932,0.3052440439638411,0.3236672697658228,0.3199431681509866,0.373560831800448,0.3766315257203902,0.416944156730198,0.4293468032774979,0.4220544765086688,0.4373516999026265,0.4389433338075719,0.4312845538402572,0.4237454598843056
kbet,ocular_atlas,0.58884335058692,0.5762510419362459,0.5790549171428104,0.3681281239537367,0.3237601738112846,0.3750836080691833,0.402603457776126,0.3908608678919161,0.3720427892197255,0.4851578263698977,0.3486775500095502,0.3708380985602292,0.339548785328451,0.4861018051548864,0.472558490662245,0.415920042044109,0.4750567045528039,0.4164234649998721,0.531077661908742,0.494170429443854,0.3916076118709707,0.2920681118530009,0.2526371551581746,0.2640764871464686,0.5291346041543845,0.5102818170806962,0.6232269691674245,0.5489351029996256,0.4899738372349782,0.5188567550456047,0.4947574084322743,0.543186832375478,0.5251583380689759,0.5246964425330645,0.5219782360859617
kbet,tabula_muris,0.591590155522964,0.5682452493686301,0.5764978847407927,0.5766600359718008,0.5869102900352517,0.5191349455539617,0.5245195682880788,0.5283462362763808,0.5784563429633828,0.5677180685820686,0.5259307598659884,0.5150958882396972,0.5150833662549474,0.5505575239003575,0.5306801214943978,0.5717067284012849,0.6017405349922941,0.5809620987737877,0.5981595798902685,0.58802957038371,0.5728923046409958,0.5738080114844566,0.5774172911507487,0.5843476419224762,0.57353701319092,0.551336739462633,0.6176804071897453,0.592218701078135,0.6891454988045729,0.6706874115266777,0.6886693449246583,0.6857416596128857,0.6950820648827515,0.6777094495903483,0.6930027384844495
kbet_pg,dkd,0.0179666372131629,0.0184218277237796,0.0172169116662649,0.0788015101614587,0.0710900473933649,0.0046322328433341,0.0067743058344712,0.0062923394114654,0.1425281816477896,0.0584785926580447,0.0027846948884782,0.0066672021849144,0.0045519051061664,0.0310332824590997,0.0177524299140492,0.0143786649530082,0.0250354780839156,0.0183682758990011,0.0367097758856132,0.0471791576297961,0.139475727635419,0.1077462714541998,0.1752215706750207,0.1670013655715318,0.0483037459501432,0.04466222186521,0.0506064744156157,0.0651457948429592,0.0373523977829544,0.037057862746673,0.0380217955926848,0.0420114065386777,0.0427879079979649,0.0398425576351514,0.0409939218678876
kbet_pg,gtex_v9,0.0044751291000754,0.0026330292082541,0.0038474884167125,0.0016481946400505,0.0014849060069805,0.0018063805033371,0.003061661870063,0.0021278549996937,0.0101341007899086,0.0088022778764312,0.0017961749637702,0.0022299103953625,0.001979874675974,0.0073735023370684,0.007332680178801,0.0028626538485089,0.0036484803951584,0.0031228951074642,0.0090982385238707,0.0082511787398199,0.0065519564019348,0.0035719388484068,0.0196915885942889,0.0158951278754107,0.0163237605372195,0.0103229032718959,0.0176351723715632,0.0139968975159716,0.0033321086685852,0.0032504643520502,0.0032351560426999,0.0050925642438714,0.0051384891719224,0.0041128324454512,0.0039036188843303
kbet_pg,hypomap,0.5904626587336831,0.5170055945297933,0.5758991208596039,1.0,1.0,0.782310629606607,0.8559808187549955,0.8561406624633695,1.0,1.0,0.7523665749045384,0.7708018826036769,0.7549773554746474,0.9562738655536802,0.9124766894591956,0.0,0.0,0.0,0.0,0.0,1.0,1.0,1.0,1.0,0.9492229819731826,0.9093330965278396,0.0,0.0,0.6795488855341449,0.660030192700471,0.6505816534943615,0.6570819643015723,0.6590000888020604,0.5732528194654117,0.6564781102921591
kbet_pg,immune_cell_atlas,0.0143151320840788,0.0159214081258291,0.0143986584382498,0.002528278489715,0.0007613748437895,0.000424056875022,0.0029940985418225,0.0021941730730309,0.000456182395857,0.000558984062529,0.000379081145853,0.0010697798438057,0.0011179681250581,0.0093902897400723,0.0093935022921558,0.0046999636981614,0.0045843118231553,0.0043208825523083,0.007739037969153,0.0065953694274268,0.0065921568753432,0.0024608148959614,0.0012304074479806,0.0018504300000963,0.0222694110428264,0.0210036655219272,0.0159535336466641,0.0078900279170775,0.0134605932298676,0.0135762451048736,0.0146074743236774,0.0179645912509355,0.0190664966155763,0.0155230516674751,0.0154973512508071
kbet_pg,mouse_pancreas_atlas,0.0001697621163194,0.0002420013147533,0.0001697621163194,0.0061475557867209,0.0053637604837135,0.0,7.2239198433854174e-06,0.0,0.0006248690664527,0.0007332278641035,3.6119599216927087e-06,0.0,3.6119599216927087e-06,1.0835879765078129e-05,7.2239198433854174e-06,0.0,0.0,0.0,0.0021093845942684,0.0015784264857797,0.0126274118862376,0.0182801291636867,0.0022141314319975,0.003348286847409,5.056743890369793e-05,3.97315591386198e-05,0.0076140115149281,0.0050134003713093,0.0001769860361628,0.0002131056353797,0.0002203295552232,0.0004370471505247,0.0003250763929523,0.0002167175953014,0.0002528371945183
kbet_pg,tabula_sapiens,0.0292408046501135,0.0378589702360094,0.032324720767595,0.0491002644728062,0.0320415284704255,0.0114884875131396,0.0191178799936641,0.0167155453371667,0.0078309869971536,0.007377399334738,0.0092613480913318,0.0116996817686558,0.0118772769380672,0.0245033335093284,0.0184962969007242,0.0146828006278229,0.016595548601078,0.0156115753651499,0.021438616869621,0.0200730540129308,0.0490234665617094,0.0400117116814422,0.012306865253265,0.0124964600962853,0.0395821233662443,0.0316359395024455,0.0296631931611459,0.0248561239134294,0.0390757371399497,0.0390853368788368,0.03967092095095,0.0425436428129154,0.0465947326232725,0.0414012738853502,0.0414084736895156
kbet_pg,celegans_embryo,0.0163898416775087,0.0162884612135241,0.0159843198215703,0.0214081746447459,0.0251254583241809,0.0109152966223408,0.0131118733420069,0.0129766993900275,0.0272206545798624,0.0214419681327408,0.0129598026460301,0.0141425747258503,0.0152070695976885,0.0320531233631279,0.0216278323167125,0.0207492016288461,0.0218643867326766,0.0218474899886791,0.0340976293868171,0.0312251829072537,0.0336921075308788,0.0449115455451734,0.0392849297940286,0.0340469391548248,0.0414815065136948,0.0317489819711741,0.0479360627207137,0.0398763158339387,0.0544919993917172,0.0568913370393525,0.0580234188871804,0.0614196644306642,0.0597806802629133,0.0595610225909467,0.0597637835189159
kbet_pg,ocular_atlas,0.0104165770663271,0.0117842366481158,0.0103477640056082,0.0098316660502163,0.0060297444454957,0.0024342620229319,0.0027525224287569,0.0027353191635772,0.0011784236648115,0.0020729934541575,0.0021160016171069,0.0019955787608488,0.0020729934541575,0.004541662007449,0.0028557420198353,0.0047394995570159,0.0072425746406667,0.0048083126177348,0.0074404121902337,0.0061587689343437,0.0224416594269592,0.0134701566357294,0.0063652081165005,0.0052986056753571,0.0142959133643565,0.0053588171034862,0.0171344521190121,0.0094359909510825,0.008696250548354,0.008507014631377,0.0084209983054783,0.0101155199256818,0.009659633398419,0.0090919256474878,0.0091091289126676
kbet_pg,tabula_muris,0.0027640461383086,0.0038058789135172,0.0033381172593419,0.0152235156540689,0.0196885132621059,0.0008504757348641,0.0012544517089246,0.001073725615266,0.0036251528198586,0.0031786530590549,0.0009036304682932,0.0010312018285228,0.0009248923616648,0.0024451177377345,0.0017434752564715,0.0003508212406314,0.0019773560835592,0.0005953330144049,0.0006591186945197,0.0009248923616648,0.0301812576409929,0.0381650986020305,0.0082389836814968,0.0056769255302184,0.0040822835273481,0.0024663796311061,0.0019773560835592,0.0011481422420666,0.0056875564769042,0.0051028544091851,0.0055599851166746,0.0059320682506777,0.0072396746930314,0.0053898899697018,0.0061872109711369
kbet_pg_label,dkd,0.1826960216290356,0.1847346366185808,0.182141215838696,0.3015980697957871,0.3266152316517189,0.0735305178371318,0.1022965176960605,0.0865833061987214,0.1961582359229674,0.1925844322517676,0.0672027165787496,0.0857705316260123,0.0744246324495207,0.1290250865696799,0.1147285563199983,0.1185308559330916,0.1339485647600652,0.1353704803236195,0.1569324643592389,0.1665944196622915,0.3702961218063879,0.3776766590808194,0.2307515781152445,0.2346018722670849,0.1753107765608252,0.1556781982702245,0.1903043166854387,0.1917666442788289,0.2013324913830504,0.208396218762397,0.2072870331333077,0.2214134967988917,0.2202105169879042,0.213250445349723,0.2198766089172787
kbet_pg_label,gtex_v9,0.1880319760361037,0.2239855371554208,0.2047896479343817,0.3594012317711293,0.3840784637882527,0.1523878046793929,0.1739386589264478,0.1609996087327458,0.2803886948999906,0.2870571435575481,0.1387458792920561,0.1499405977815757,0.1498004048784121,0.2106508893476203,0.1939432948474864,0.2426726623661695,0.2549726108332026,0.2467850519580086,0.3461758044819321,0.3269876197537551,0.3942686715575231,0.4429618293345451,0.3184600433733156,0.33395722291682,0.2377436784833889,0.2146090945574719,0.3893570378822715,0.3581031240795091,0.2145881103011443,0.215480030392087,0.2180008263105883,0.2338587647083608,0.2451977378430492,0.2263583595891189,0.2378127608917699
kbet_pg_label,hypomap,0.0,0.0,0.0,0.0,0.0,0.659677110444179,0.6952622581698205,0.6871524386597492,0.8961625560169175,0.8457560975838987,0.6221839990876527,0.6269448329070922,0.595923789392682,0.6839722591946328,0.5950970355603672,0.0,0.0,0.0,0.0,0.0,0.0,0.0,0.7322915049195795,0.8397202364654353,0.6831260212326339,0.5898517781152747,0.0,0.0,0.4611894795233037,0.4568017344200436,0.4641212401736757,0.4222802472610514,0.4797418899332251,0.4307363105522896,0.4945707085643412
kbet_pg_label,immune_cell_atlas,0.17116844161311,0.200783899553689,0.1788898572568265,0.2657885987668903,0.2819147005240585,0.0862348112454546,0.1330530756501325,0.1248402083175955,0.2322566912564704,0.240791366189899,0.0784874015221823,0.1015265287017427,0.099633641429411,0.1493397055324012,0.1517454346547653,0.1167589568977826,0.1288007641169218,0.1273734947031114,0.1530016831106359,0.1586196825828359,0.314743712609782,0.3454987262620085,0.2683351978925405,0.2774338668525737,0.1834991785100146,0.1798811869845879,0.1738413490641284,0.1760997802884358,0.164395568431285,0.1652937088696102,0.1677735643281356,0.1816086994111229,0.1844763883971164,0.1699018433532197,0.1729589184896142
kbet_pg_label,mouse_pancreas_atlas,0.2038819884494967,0.1959750658370459,0.2008284331432896,0.2085105110487409,0.218168505409448,0.1070212936579642,0.1297811011347705,0.1247959465366606,0.2068163465741419,0.2100986465181077,0.0976940867283716,0.1093220645981112,0.1058945955215182,0.1495087730044862,0.1267555473366735,0.1574309112660441,0.1754232014913792,0.1763820023216817,0.2090654681087555,0.211614443676052,0.2374379398913492,0.2375332924739611,0.2344461973344368,0.2325640061266105,0.1796414564416482,0.1571954346486296,0.2400108526525466,0.2436386598983385,0.2985880865125676,0.301888230738689,0.3077907033583917,0.330397509705563,0.3389060770209081,0.3123344170914803,0.3187387537933857
kbet_pg_label,tabula_sapiens,0.1270746519803397,0.1425996222844501,0.135533292446858,0.23152058898173,0.2148150498960749,0.0954782825012622,0.1213967798568214,0.1106643972845699,0.1874597388787112,0.1849589573655389,0.089277091608498,0.0986303611372658,0.0979341498298714,0.1246176361039855,0.1171050626689098,0.1859894085532553,0.1966862448829141,0.1909161985772933,0.2191456445371983,0.2054681413498641,0.2672014708198995,0.2571640297988113,0.2251527233177503,0.2220862638493571,0.1435573757439528,0.1425798673623532,0.2373785182746459,0.219087060458701,0.2280856758719658,0.2275754057144045,0.2381804771611504,0.2415150487032523,0.2592125258280049,0.2360067637027195,0.2453700116127497
kbet_pg_label,celegans_embryo,0.229288976929904,0.2313980910997853,0.2266826485068288,0.2631621211960233,0.263848649380376,0.1699167936249589,0.1797920666636004,0.1778262296167377,0.2179654922940304,0.2222171989764298,0.174133303828588,0.1862682924965221,0.1867643637105114,0.2219635519099106,0.2211725260650142,0.2411033129071235,0.268152865780442,0.2385987068177139,0.2608902678747732,0.2652077777091432,0.2813417971280318,0.2846433430842843,0.2460521137796668,0.2589292684309472,0.2388087033443427,0.2364997927202624,0.2815119263007188,0.285903997433633,0.3351017170859221,0.3412399912449422,0.3442872516685274,0.3583981198455645,0.3598638670099883,0.3490354864469648,0.3480572404917136
kbet_pg_label,ocular_atlas,0.2195837020424325,0.2281508948212506,0.221369673809105,0.3246985569741322,0.3407413936513642,0.1053207600427788,0.1143265924530512,0.1143177401721367,0.1604653737312325,0.1591181735942499,0.088473177502777,0.0890856462156651,0.0915574565573123,0.1022666853267838,0.1045292184652491,0.1651948753232134,0.228316631563707,0.1660472039177683,0.1986651486385325,0.2026939724894362,0.3685938001614106,0.4186386775486583,0.2215833656884797,0.2163012655158889,0.1237353655138246,0.1233317791002716,0.2418916517424393,0.2333917827449585,0.2198986387798878,0.221384922748474,0.2224267869307084,0.2454913590043873,0.2458783356908805,0.2295479833272807,0.2291256028069618
kbet_pg_label,tabula_muris,0.4873048961459526,0.5029450064188695,0.4906847047796659,0.58498939167023,0.5909036258031553,0.457490439969838,0.4692326900400542,0.4665525963725977,0.5151762549399324,0.5084524701229173,0.4560730074014477,0.4594505429992418,0.4572120971540484,0.4782257505513619,0.4734804327289807,0.5309480412393381,0.564654388423858,0.5330139363891878,0.5510014619746259,0.5449270237954656,0.6150182454468592,0.6221257584384512,0.541574735885946,0.5268134983707177,0.4903747439731064,0.4891797286010038,0.5700047089873769,0.5543806562284019,0.6371281482712585,0.6453438563195893,0.6380247554137661,0.6591191642828487,0.667308544042196,0.6475576565106644,0.6516566711693712
nmi,dkd,0.8252467370939179,0.8195482381242342,0.825190410300893,0.2189231343687008,0.0861098584033273,0.7952178847029038,0.8181984260522815,0.8249076539187552,0.1410721969726816,0.3521951428201171,0.7845588840698167,0.8347309986527925,0.8265011264100416,0.6056369990443226,0.7309983555431806,0.8313392868265312,0.8278712805746279,0.8301205640299248,0.8089633440413989,0.827862516247818,0.1532407303720686,0.0567616146319127,0.104387737049683,0.0804622989702265,0.4943159067491852,0.6481738523295253,0.7929222755359462,0.7981120990818036,0.8105021491695955,0.7914402157118269,0.7936586156665691,0.8156571372717067,0.7852268145539142,0.7846063298020869,0.8159227685943653
nmi,gtex_v9,0.7457616247149222,0.5741484339035068,0.6549642340459559,0.2170174125903933,0.1905155830093827,0.8294574751756913,0.6915748566291581,0.8119204399910337,0.2738472062700395,0.2713443135990873,0.8301768273178284,0.8009620802364097,0.8336650144156368,0.5251195241372314,0.6256700597804236,0.8492905430361445,0.8479256899437857,0.8526609796973799,0.5630026643661105,0.5856079312513146,0.1943013728071962,0.1321614915140495,0.2245817718667562,0.2032746701947372,0.4490750327057455,0.5965716750715312,0.4788559708992058,0.5329283826855076,0.8032157039364953,0.7984810970999794,0.8081412583537796,0.7616065709484371,0.7553725352808864,0.7857249192698218,0.7743242788312263
nmi,hypomap,0.6286773408185433,0.6322576080741857,0.6258168828635566,0.3623144217181298,0.4181817514864476,0.6209585059409417,0.634349324840099,0.6284901587408126,0.1980087255127103,0.5068683530233379,0.6123438149470574,0.6180580465897714,0.6300304152804467,0.6401186908333969,0.6174029282226026,0.6139974005584978,0.6455587553021507,0.6313384056394675,0.7696382489744595,0.6729708039408846,0.2319851104703891,0.1436971918107519,0.1723261945333419,0.4945097640341194,0.5818478583106277,0.6231481798216866,0.7824767587389572,0.7033450809503513,0.5729832104150885,0.5675763942083649,0.5680713007028138,0.5780472872597604,0.5641876234799897,0.5682474920532232,0.5864444045907813
nmi,immune_cell_atlas,0.7070848025272056,0.663163128354255,0.7057213869158974,0.3347429260013012,0.168242273413756,0.6438386557107223,0.6444338183618673,0.6857257691724621,0.2100375837383554,0.1783899722027133,0.6501527942998188,0.678196984592282,0.6929424798442688,0.5607127605221464,0.6204925740853034,0.7592725099300749,0.7633350449668983,0.7654089753805157,0.6294538163506124,0.5921165443522391,0.2495267377874205,0.121646580655203,0.151015931709339,0.1414190822218904,0.4917631033062488,0.5870822636134899,0.5130892125169384,0.3185022202112511,0.7930009318410941,0.7877388557963911,0.798099416919513,0.7908795878052104,0.7882605215920894,0.7978717107014441,0.790714058112745
nmi,mouse_pancreas_atlas,0.7680245624325529,0.6956954030397103,0.7497064183740542,0.2552274508100188,0.2077720322388352,0.6952697271020459,0.5868390437156984,0.7018075756858442,0.2122611818846277,0.2134697057221227,0.67983170429584,0.6617062447419827,0.6774104400639633,0.6093717402355123,0.681604569019684,0.6623249583151276,0.6482011398571568,0.6628473072206542,0.4787580883308732,0.4776562257694175,0.2235230621684409,0.1581211283723156,0.183370851991156,0.1542803680443568,0.5030548093569213,0.6962183284990958,0.417284301582052,0.4319984016261599,0.8229042702328953,0.8312362250560162,0.8393129818088608,0.8254030485610331,0.835196014300554,0.8391072100086545,0.8323352350197586
nmi,tabula_sapiens,0.7125497014191525,0.6966895398938165,0.6991698872076307,0.4499612572232342,0.4973016400627777,0.7548651186374608,0.7423909696548073,0.7502006603239245,0.5191863603904493,0.5252112570022267,0.7477500173592523,0.7381403998011798,0.753132331381888,0.7076689205784843,0.7439342473082353,0.7565725672683753,0.7576566887492305,0.7576381727683502,0.7567029399786384,0.7594009658347081,0.375499058459627,0.3647388948030217,0.4102502361265227,0.4133033674830979,0.6989885334723653,0.7269415220648041,0.7455722894444989,0.75534766594444,0.7411506993671063,0.750214339794321,0.7414401210797723,0.739570284865517,0.7304623259549203,0.7455912460506846,0.7403615061527591
nmi,celegans_embryo,0.7981519944313017,0.7970434802514402,0.7733981880771762,0.666890682249287,0.5821952351894587,0.7774295609285928,0.7761396743588794,0.7744351391678561,0.6059950783081536,0.5449442212493428,0.7854746969209234,0.7871499308184485,0.7931029910884199,0.7141171912193417,0.7736096868734891,0.7675048572892285,0.7925120877339255,0.8220100863770584,0.6802321327010703,0.74932449578597,0.6514384029950581,0.4636336364911935,0.5171353101975114,0.4234116164471186,0.6857584259895078,0.741792281977485,0.6434064774121573,0.7597079965292113,0.7439591619432059,0.7434659599937652,0.7446414654038417,0.7309187513769504,0.7232310704986626,0.7316881407373392,0.7237789561614755
nmi,ocular_atlas,0.8331460300389814,0.824068148735666,0.8336858177930279,0.4008378333022716,0.3970338737001161,0.8674458478415114,0.8596290486750269,0.8610413711984927,0.4363804284496198,0.5753065776229749,0.8597452598079319,0.8603386109690907,0.8650538093248958,0.8201225087968842,0.8456550767128368,0.8639298760220396,0.8755402616263062,0.862189516306381,0.8475359502780928,0.8599856151110437,0.3660242396234154,0.2695810810102143,0.2547114228854839,0.2832578710461385,0.7212136554116738,0.8135340985168187,0.7952319933005052,0.8584397784543832,0.8579693539180087,0.861263548783979,0.8613204161208751,0.8567818100221917,0.8547943223389035,0.8595461463467032,0.8569530467745992
nmi,tabula_muris,0.8105153044789544,0.8091714006534785,0.8130180731607908,0.5654494662349443,0.5443681648262358,0.8387474005844724,0.8406463743975645,0.8415181908720555,0.6160117262593905,0.6746773817503213,0.8441669715057659,0.8439342602432685,0.8357563082214886,0.8074876935448383,0.8463715264548478,0.8215388526582889,0.8388125350976315,0.8287875909059137,0.7955417724478913,0.829413519203654,0.4685436673918614,0.4296654629734664,0.5194806135874038,0.6240856566406213,0.7942234511265872,0.8298713564278815,0.786946120445731,0.8229016856003833,0.8388553229419954,0.8366823526633768,0.8316586693784566,0.8251403365389839,0.8245305228417712,0.8287977459862397,0.8288717285901908
nmi_batch,dkd,0.9096378117153586,0.9106565080387912,0.9108714437481856,0.9735737215277752,0.987949078280766,0.783335850901642,0.9097412713128792,0.9093162865960748,0.9403787279808766,0.9561122718782298,0.7843657220402277,0.909019971643281,0.9097632862601656,0.906527421361201,0.9251288118000552,0.9090493386326518,0.908233199247836,0.9078969205279378,0.9191515181303892,0.9109718943581964,0.98187453828139,0.9935597029041026,0.9572112009829516,0.965185784575603,0.9313502683796898,0.9238088605440018,0.9244158907225148,0.9147815111890288,0.9088977055917186,0.915167092413926,0.91171188584419,0.9173002386224064,0.914846977500964,0.9106851052207974,0.913682926629654
nmi_batch,gtex_v9,0.6321956676274554,0.696532093953647,0.6875921587535885,0.8777866789661267,0.8966132360604638,0.4621692164357987,0.4898224525653898,0.3979305635362593,0.8092744943830895,0.8268640956115485,0.4488832442419126,0.4433608788609279,0.4580890020655767,0.6457554869960695,0.638568601362522,0.4616675780072842,0.4757071889793338,0.4707320497716662,0.751174801329906,0.7509731097128967,0.9083332752259348,0.9268747039094468,0.865558511969253,0.8903841289315275,0.7277957469297262,0.6790178453045986,0.8065152304307892,0.7812200653043718,0.5716105364097469,0.5492138708853884,0.5591124365262291,0.6134861866290988,0.658970773041184,0.5991332164319149,0.639145344322907
nmi_batch,hypomap,0.6922218060227076,0.7123308268603904,0.6925701939236563,0.9160064804811614,0.9367619107697818,0.6823182504779581,0.6914830423486351,0.6953362513673064,0.919381158117859,0.9220574928818888,0.5884695461999949,0.5748784364917476,0.6894044593802182,0.8516211834257331,0.7953679228282561,0.640057783088891,0.6528222875180802,0.704285682709922,0.8321790120819107,0.7781628878229946,0.959236331577684,0.9477081486122212,0.9238634349450308,0.923700138636278,0.8624157280854616,0.8061687897877143,0.8325724106993146,0.7703402453798974,0.63511228452999,0.6475717602665891,0.6402771757554861,0.6461620399880526,0.6962146572201842,0.6381519335778787,0.6689888091544552
nmi_batch,immune_cell_atlas,0.8660873411822472,0.90247570807753,0.8818014808064086,0.9406132459067672,0.9618491054463932,0.452596803211302,0.6664617390864309,0.7030242341448532,0.9251879549743764,0.9496448372202424,0.4668166086296774,0.7205494306218967,0.7403273939996795,0.7738543038015572,0.8685578630359695,0.8276285433140048,0.8337615153402014,0.832093476534299,0.8804474041187231,0.8881978606931507,0.9685105339198644,0.9733005119161032,0.9570524070675872,0.959417728955976,0.8951915861064575,0.8841481113336548,0.9063363681766256,0.9397748236855,0.8234269199721664,0.8370111431983335,0.838978572834604,0.8495803874044492,0.8395671748623743,0.8389721484710667,0.8426970465830573
nmi_batch,mouse_pancreas_atlas,0.7422426047792524,0.7474737220444079,0.7438706395270085,0.8847372035313764,0.8836844154567463,0.2642821334617106,0.2823455334289299,0.3103550757280575,0.8583563954749721,0.8514135912971413,0.2372620233636188,0.262136107033276,0.2404173854613713,0.5094070101752162,0.4606654688381159,0.1498980452378412,0.1517197043527055,0.1805467439350654,0.4883402131841953,0.4784827788980482,0.8892863769148965,0.90972926918872,0.8840904736757416,0.8940241860629699,0.5298722174099548,0.5749918395725632,0.6559276006229178,0.5798158700317961,0.5937517849980914,0.6217977450088673,0.6213435664676289,0.628839056727508,0.6493353077695453,0.6229594816757877,0.6231022148926548
nmi_batch,tabula_sapiens,0.648512870977321,0.6498239653564426,0.6511479770840476,0.7947392747058395,0.7680497892397482,0.4599930112425437,0.4130360992605691,0.4424774124475186,0.5859117645762201,0.5785482120325998,0.4660588499243427,0.422223093463629,0.3892002247351959,0.3899158416911796,0.3905018567063889,0.4348115809162506,0.4466728929038147,0.4766875492454701,0.4987775623502251,0.5378556983278207,0.8328054114022796,0.8318726870226203,0.6954386838164044,0.6778402021713922,0.4830652762042659,0.4630169644148076,0.5676659975398679,0.5219804413500587,0.5757625773330974,0.5900498878042052,0.6062515489117904,0.6241541269021956,0.617003984345158,0.6113131788416761,0.60123713289774
nmi_batch,celegans_embryo,0.9176113210235328,0.9361147204935412,0.9384128074003648,0.9166361209238794,0.9437152974158028,0.888431712558114,0.9317458347525812,0.935684473224514,0.93951603017093,0.8983466550074158,0.9130015903988424,0.922498980814872,0.9249689596268804,0.9310113739502668,0.9247016678818752,0.8793998750879544,0.8924813325089517,0.9005944219747305,0.9062058077092338,0.9244773564675268,0.945464699330613,0.9261113851116378,0.9240536647085548,0.9244179555090112,0.9486337285617432,0.9096233687145276,0.9089711822093448,0.9097814646868788,0.8892752988055223,0.8770672428679405,0.8756555000313062,0.8712065695378374,0.8774090702990404,0.8718777041419505,0.8848626009116921
nmi_batch,ocular_atlas,0.5966946139165458,0.6031480788772885,0.5949200864581984,0.8332106351200959,0.811773958257319,0.5096078638340813,0.5018212389955117,0.5181509589480241,0.7391775142701934,0.6905473573546288,0.5169658732452073,0.4919886874479776,0.5192951052531716,0.5252317075916608,0.5253154569597773,0.4820170772819846,0.5329496764472751,0.4844816851375675,0.5128627401226178,0.5022712157431206,0.854859448657333,0.8917815616259276,0.8448677193340239,0.8386465781926274,0.6166937490470409,0.5727900347673337,0.5517857438289543,0.5279088385497526,0.5506787526337283,0.5509565405285789,0.5526086111383816,0.5658763312241387,0.5674020941683381,0.5581615536776224,0.5683576546384428
nmi_batch,tabula_muris,0.656723370817687,0.6637159717473295,0.6581775981078941,0.8003186137516979,0.8065880346788995,0.6054513745487337,0.5849124853113733,0.6002618157174439,0.7440885268079647,0.7113374616237781,0.5958968428321665,0.5952710086835726,0.5826101419641155,0.6124109652672387,0.6176564239829327,0.4803704916264013,0.5626048575117716,0.4920355487038808,0.5294711465839659,0.5120808008786415,0.8480137914325245,0.8561780025905774,0.7993636647453009,0.7647953625356892,0.6311836779311533,0.6354772072702929,0.6343238726784846,0.5404625086561216,0.6422073372400007,0.6406533554505933,0.6372850029070877,0.6491040031006409,0.6590958977408523,0.6432028348066163,0.6503843417485033
pcr,dkd,0.6874163302491064,0.8529917339729728,0.9001649818600164,0.99535620476162,0.999206559573784,1.0528609862251747e-07,0.4979236952273014,0.2729953607229475,0.9214779709316232,0.9312894887911478,0.0386077813299994,0.3160623407645763,0.2305820977621805,0.6553659745438147,0.6999128799284318,0.486351714139463,0.6775000850722085,0.6409667277044279,0.7835316381244819,0.8592583648545737,0.9971406111030774,0.9995413538447682,0.9349863292553572,0.9613991110602608,0.7778771444683461,0.788336210552792,0.8262667742334837,0.8922605326380508,0.7217963303247286,0.7434574212668696,0.7837629160858596,0.7769537982365369,0.8525710616403389,0.7640299339841289,0.8214618171670657
pcr,gtex_v9,0.7733351113074571,0.9043055004013912,0.8934565546527374,0.991524732439431,0.9968658999383464,0.0,0.5056912051485446,0.3464178735495181,0.905179036541683,0.9149817956860012,0.0147221701610403,0.4524179741354033,0.4265373367975603,0.7526363877659424,0.7841995403920823,0.0,0.3132542088548472,0.2798818085375132,0.7340954438238428,0.7531165805557274,0.9932225414612936,0.9982735335147191,0.9284354825431032,0.9500944503444244,0.8256996892503965,0.8290029653555165,0.8091745687592996,0.8303123449397158,0.8380166127194658,0.8441986944612004,0.872540962861078,0.868128156211745,0.9320108439469016,0.8475202106445773,0.9142749473000886
pcr,hypomap,0.6068959226576081,0.6904943394226811,0.869874042049517,0.9597061221353824,0.9882693062568012,3.2276696563476932e-09,0.2069557839337298,0.3191336713012116,0.7895703926658623,0.914667225303521,0.0254815894603549,0.1483409188328114,0.2865259470721202,0.6691291299708712,0.8202557302477346,0.2414560309564962,0.3702548389433921,0.4633305887530595,0.5950897896460856,0.6728329733101873,0.9749059212508688,0.994268297194968,0.8275756360041028,0.935678928838369,0.7395596490663032,0.8612743549815792,0.6826044404942718,0.7876722242632407,0.4590904350959766,0.5672659636770868,0.658086436376546,0.7033726364007894,0.9138147321137188,0.6682230835862464,0.8701085801061803
pcr,immune_cell_atlas,0.6620409425067487,0.92882580124062,0.8879032686229152,0.9828899025669356,0.9987471180669047,1.1165942805300387e-06,0.5045397510734094,0.3940326443159271,0.9205038334074525,0.9378076311536376,0.0071147343325693,0.3168844337619531,0.3490990238306339,0.6930952846369972,0.7578567053216233,0.4486931644767511,0.6910608651033573,0.7220574903304756,0.8412782110889252,0.914958160477878,0.9891788348991596,0.9993956862210458,0.9512804794523426,0.9642238326198272,0.7816209769614818,0.8121239419759501,0.8493477510807212,0.9469911488404764,0.90540922231219,0.9161671584319094,0.9309721418564084,0.9255201759642884,0.9567688107209036,0.9210419204137136,0.94795519184381
pcr,mouse_pancreas_atlas,0.5081961334966871,0.83041342376244,0.8381519220702032,0.977187501987394,0.9917495796718048,1.941254749951304e-07,0.5171537266258864,0.4444870509756432,0.9339560555111414,0.9358141230880512,0.0,0.3243928685813044,0.2851136883432179,0.5799041736044103,0.6236416911708658,0.0,0.2486302117195861,0.3797158261195682,0.771861838985228,0.7818810961751381,0.9889274648672984,0.9956447995497,0.95461090690152,0.964363246889174,0.6794402605569435,0.6863325749102269,0.8416369177186451,0.8515676213751289,0.7627220640929796,0.7966019683738892,0.8296741430613549,0.8459458559798589,0.8908979928000325,0.827897959603883,0.8655445953576828
pcr,tabula_sapiens,0.564748869639843,0.879816932370431,0.8770889739931441,0.969634641332742,0.980407033882468,0.0,0.3302553709255864,0.1887284075585703,0.7918827418640869,0.7946854395415216,0.0003374193855181,0.0649613845632352,0.1799739120209437,0.4104617476716463,0.4094325841633286,0.0078956009038467,0.2320548182895267,0.2323227102249211,0.4823241525867725,0.5557180101308493,0.9803912998731248,0.9893395194238214,0.8552184272505933,0.878256015682539,0.6138984554440615,0.6111538650567951,0.5678495352878938,0.6496517064950834,0.8577759603266614,0.8694368838441516,0.9087420397614274,0.8935476840725661,0.9316941479049008,0.8714902600314308,0.9204096333246774
pcr,celegans_embryo,0.6946892674915109,0.8708161333478226,0.849011258087547,0.983112291678888,0.9959987577660064,9.197148519385916e-07,0.582050597619374,0.6169720533179222,0.8612288776114434,0.9282181896127416,0.0258067361963082,0.3667160364199882,0.5533597265210808,0.718771787797481,0.7573861546335846,0.395835289277853,0.7685876739053918,0.769991571904299,0.9355186709060808,0.9574930070872008,0.9896827067791012,0.9980309989931766,0.9129677132817898,0.9661563871481992,0.7993587618018916,0.8302372796481513,0.946735338257072,0.9680394535466368,0.915566985785178,0.9380742652379817,0.9483989412794496,0.9454106087191084,0.9740381153982928,0.9409097950598296,0.964470270227176
pcr,ocular_atlas,0.3348281407600644,0.767200832529803,0.70060092068509,0.9609595347477848,0.9763622471234537,0.0,0.4264641361117291,0.4382426921391701,0.8624639767740172,0.863107836019423,0.0,0.3444958052997213,0.3585613766842377,0.6526588791552868,0.6901782172145897,0.0,0.5477814035863922,0.2883040318469164,0.5437496820832267,0.6150027992367475,0.9674890813169384,0.9869117358185586,0.910993007525059,0.9172835795875632,0.7060958941747189,0.7399183926383496,0.5879611035634714,0.6895755173854162,0.7221198834291002,0.7506730086954476,0.7833511837236229,0.7943506554729828,0.858647964152995,0.7777609107264737,0.8247199783107804
pcr,tabula_muris,0.1668164834939693,0.8240836372469643,0.7893657421898032,0.978934902405346,0.9869807275548452,7.200375129689941e-07,0.5474707959598942,0.4678407671676675,0.923812270614838,0.939561752943762,0.0,0.3275545868443083,0.2808028997927514,0.7013051953774216,0.7488767595140082,0.0232714272188264,0.487126406266753,0.5421623515914035,0.6263090191810846,0.6911684747503464,0.9850822569644032,0.9920274834245494,0.9492753608628224,0.9541425757846156,0.7771675542304074,0.8155583817267679,0.7133739168445675,0.788712534394157,0.7992958551206308,0.8458844146981923,0.8525125762341427,0.8745231743352258,0.9315197052088484,0.8554493768012912,0.9104925971720608
